-- Cilantro seed data
-- Auto-generated by scripts/generate-seed.mjs — do not edit by hand.
-- Generated: 2026-07-14T05:48:13.232Z
-- Idempotent: safe to re-run (deletes prior seed rows first, FK-safe order).

begin;

-- Cleanup prior seed data (FK-safe order)
delete from public.garden_items;
delete from public.gardens;
delete from public.questions where source = 'seed';

-- ══════════════════════════════════════════════════════════════
-- QUESTIONS
-- ══════════════════════════════════════════════════════════════
insert into public.questions (text, vibe, difficulty, fine_print, source, status, owner_id) values ('Did you feel at peace today?', 'peace', 2, 'Peace here means calm and settled — it doesn''t have to mean happy.', 'seed', 'published', NULL);
insert into public.questions (text, vibe, difficulty, fine_print, source, status, owner_id) values ('Are you proud of who you''re becoming?', 'becoming', 3, 'Think about your trajectory lately, not just how you feel in this moment.', 'seed', 'published', NULL);
insert into public.questions (text, vibe, difficulty, fine_print, source, status, owner_id) values ('Did you listen to your intuition recently?', 'intuition', 2, '"Recently" means the past week or so — and listening means you noticed and acted on it.', 'seed', 'published', NULL);
insert into public.questions (text, vibe, difficulty, fine_print, source, status, owner_id) values ('Is there something you need to forgive yourself for?', 'forgiveness', 3, 'Any size counts, from a small slip to something you''ve carried for years.', 'seed', 'published', NULL);
insert into public.questions (text, vibe, difficulty, fine_print, source, status, owner_id) values ('Are you being honest with yourself?', 'honesty', 3, 'Answer for the parts of life you actually think about — no one audits every corner at once.', 'seed', 'published', NULL);
insert into public.questions (text, vibe, difficulty, fine_print, source, status, owner_id) values ('Did you make time for silence today?', 'stillness', 1, 'Silence means no screens or conversation — even a few quiet minutes count.', 'seed', 'published', NULL);
insert into public.questions (text, vibe, difficulty, fine_print, source, status, owner_id) values ('Are you holding onto something you should let go?', 'letting_go', 3, 'Could be a grudge, a belief, a habit, or a person — you decide what fits.', 'seed', 'published', NULL);
insert into public.questions (text, vibe, difficulty, fine_print, source, status, owner_id) values ('Did you feel grateful for something small?', 'gratitude', 1, 'Small means easy to overlook, not a big event.', 'seed', 'published', NULL);
insert into public.questions (text, vibe, difficulty, fine_print, source, status, owner_id) values ('Are you where you thought you''d be at this point in life?', 'perspective', 3, 'Compare to how you imagined things a few years back, not to anyone else''s timeline.', 'seed', 'published', NULL);
insert into public.questions (text, vibe, difficulty, fine_print, source, status, owner_id) values ('Did you choose kindness over being right?', 'kindness', 2, 'A moment you could have corrected or won an argument, and chose warmth instead.', 'seed', 'published', NULL);
insert into public.questions (text, vibe, difficulty, fine_print, source, status, owner_id) values ('Is your heart lighter than it was yesterday?', 'emotion', 2, 'Go by your emotional weight, not anything that happened literally.', 'seed', 'published', NULL);
insert into public.questions (text, vibe, difficulty, fine_print, source, status, owner_id) values ('Did you do something that scared you?', 'fear', 2, 'Any size of fear counts, from a small risk to a big leap.', 'seed', 'published', NULL);
insert into public.questions (text, vibe, difficulty, fine_print, source, status, owner_id) values ('Have you been avoiding a truth about yourself?', 'truth', 3, 'Think about the last few weeks, not your whole life.', 'seed', 'published', NULL);
insert into public.questions (text, vibe, difficulty, fine_print, source, status, owner_id) values ('Did you spend time with your thoughts today?', 'solitude', 2, 'Unstructured thinking, without a screen or distraction pulling you away.', 'seed', 'published', NULL);
insert into public.questions (text, vibe, difficulty, fine_print, source, status, owner_id) values ('Are you living with intention?', 'intention', 3, 'Intention means choosing deliberately, rather than drifting through your days.', 'seed', 'published', NULL);
insert into public.questions (text, vibe, difficulty, fine_print, source, status, owner_id) values ('Have you outgrown a version of yourself recently?', 'growth', 3, 'A belief, habit, or way of seeing things you''ve since moved past.', 'seed', 'published', NULL);
insert into public.questions (text, vibe, difficulty, fine_print, source, status, owner_id) values ('Did you notice something beautiful that others missed?', 'beauty', 1, 'Any scale counts, from a sunset to a small detail in a room.', 'seed', 'published', NULL);
insert into public.questions (text, vibe, difficulty, fine_print, source, status, owner_id) values ('Are you carrying a burden that isn''t yours to carry?', 'boundaries', 3, 'Someone else''s problem, emotion, or expectation you''ve taken on as your own.', 'seed', 'published', NULL);
insert into public.questions (text, vibe, difficulty, fine_print, source, status, owner_id) values ('Did you honor a boundary today?', 'boundaries', 2, 'Either one you set for yourself or one someone else asked you to respect.', 'seed', 'published', NULL);
insert into public.questions (text, vibe, difficulty, fine_print, source, status, owner_id) values ('Have you been gentle with yourself lately?', 'gentleness', 2, 'Think about your self-talk after a mistake, not just how you feel right now.', 'seed', 'published', NULL);
insert into public.questions (text, vibe, difficulty, fine_print, source, status, owner_id) values ('Is there a wound you keep reopening?', 'wounds', 3, 'A pain you return to in your mind, even without anyone bringing it up.', 'seed', 'published', NULL);
insert into public.questions (text, vibe, difficulty, fine_print, source, status, owner_id) values ('Did you feel truly seen by someone today?', 'connection', 2, '"Seen" means understood, not just noticed or spoken to.', 'seed', 'published', NULL);
insert into public.questions (text, vibe, difficulty, fine_print, source, status, owner_id) values ('Are you becoming more yourself or less?', 'becoming', 3, 'Think about the direction you''ve been moving lately, not one single moment.', 'seed', 'published', NULL);
insert into public.questions (text, vibe, difficulty, fine_print, source, status, owner_id) values ('Have you sat with an uncomfortable emotion recently?', 'discomfort', 3, '"Sat with" means let yourself feel it, rather than distracting from it.', 'seed', 'published', NULL);
insert into public.questions (text, vibe, difficulty, fine_print, source, status, owner_id) values ('Did you give yourself permission to feel today?', 'permission', 2, 'Any emotion counts — the point is letting it exist without judging it.', 'seed', 'published', NULL);
insert into public.questions (text, vibe, difficulty, fine_print, source, status, owner_id) values ('Did you laugh out loud today?', 'humor', 1, 'A real laugh out loud counts — a smile or silent chuckle doesn''t.', 'seed', 'published', NULL);
insert into public.questions (text, vibe, difficulty, fine_print, source, status, owner_id) values ('Have you danced when nobody was watching?', 'spontaneous', 1, 'Any kind of movement counts, even a quick shimmy in the kitchen.', 'seed', 'published', NULL);
insert into public.questions (text, vibe, difficulty, fine_print, source, status, owner_id) values ('Did you eat something delicious?', 'delight', 1, 'Delicious by your own standard, however simple or fancy.', 'seed', 'published', NULL);
insert into public.questions (text, vibe, difficulty, fine_print, source, status, owner_id) values ('Have you taken a really good nap recently?', 'comfort', 1, '"Recently" means anytime in the last week or so.', 'seed', 'published', NULL);
insert into public.questions (text, vibe, difficulty, fine_print, source, status, owner_id) values ('Did you sing in the shower?', 'playful', 1, 'Has to be an actual shower — humming elsewhere doesn''t count.', 'seed', 'published', NULL);
insert into public.questions (text, vibe, difficulty, fine_print, source, status, owner_id) values ('Have you worn your favorite outfit this week?', 'joy', 1, 'Your current favorite, not necessarily an all-time one.', 'seed', 'published', NULL);
insert into public.questions (text, vibe, difficulty, fine_print, source, status, owner_id) values ('Did you pet a dog or cat today?', 'warmth', 1, 'Yours or someone else''s — even a quick pet counts.', 'seed', 'published', NULL);
insert into public.questions (text, vibe, difficulty, fine_print, source, status, owner_id) values ('Have you watched the clouds go by?', 'peace', 1, 'No specific timeframe — today or any day you remember counts.', 'seed', 'published', NULL);
insert into public.questions (text, vibe, difficulty, fine_print, source, status, owner_id) values ('Did you treat yourself to something nice?', 'indulgence', 1, 'Any size treat counts, from a coffee to something bigger.', 'seed', 'published', NULL);
insert into public.questions (text, vibe, difficulty, fine_print, source, status, owner_id) values ('Have you stayed in pajamas all day (unapologetically)?', 'carefree', 1, NULL, 'seed', 'published', NULL);
insert into public.questions (text, vibe, difficulty, fine_print, source, status, owner_id) values ('Did you take a photo of something beautiful?', 'beauty', 1, 'Any timeframe counts, and a phone photo is enough.', 'seed', 'published', NULL);
insert into public.questions (text, vibe, difficulty, fine_print, source, status, owner_id) values ('Have you had breakfast for dinner?', 'playful', 1, NULL, 'seed', 'published', NULL);
insert into public.questions (text, vibe, difficulty, fine_print, source, status, owner_id) values ('Did you try a new food recently?', 'curiosity', 1, '"Recently" means the last couple of weeks or so.', 'seed', 'published', NULL);
insert into public.questions (text, vibe, difficulty, fine_print, source, status, owner_id) values ('Have you done something silly today?', 'silly', 1, 'Anything that felt silly to you counts, no matter how small.', 'seed', 'published', NULL);
insert into public.questions (text, vibe, difficulty, fine_print, source, status, owner_id) values ('Did you say something that made yourself laugh?', 'humor', 1, NULL, 'seed', 'published', NULL);
insert into public.questions (text, vibe, difficulty, fine_print, source, status, owner_id) values ('Have you splashed in a puddle as an adult?', 'whimsy', 1, NULL, 'seed', 'published', NULL);
insert into public.questions (text, vibe, difficulty, fine_print, source, status, owner_id) values ('Did you make a wish on something today?', 'whimsy', 1, 'A candle, a star, a dandelion — any wish-making moment counts.', 'seed', 'published', NULL);
insert into public.questions (text, vibe, difficulty, fine_print, source, status, owner_id) values ('Have you worn mismatched socks on purpose?', 'silly', 1, NULL, 'seed', 'published', NULL);
insert into public.questions (text, vibe, difficulty, fine_print, source, status, owner_id) values ('Did you doodle or draw something just for fun?', 'creation', 1, 'No artistic skill required — doodles and scribbles count.', 'seed', 'published', NULL);
insert into public.questions (text, vibe, difficulty, fine_print, source, status, owner_id) values ('Have you had an entire conversation with a pet?', 'playful', 1, 'One-sided is fine — talking to them counts even if they don''t talk back.', 'seed', 'published', NULL);
insert into public.questions (text, vibe, difficulty, fine_print, source, status, owner_id) values ('Did you eat dessert first?', 'spontaneous', 1, NULL, 'seed', 'published', NULL);
insert into public.questions (text, vibe, difficulty, fine_print, source, status, owner_id) values ('Have you made a blanket fort as an adult?', 'whimsy', 1, NULL, 'seed', 'published', NULL);
insert into public.questions (text, vibe, difficulty, fine_print, source, status, owner_id) values ('Did you wave at a baby today?', 'warmth', 1, NULL, 'seed', 'published', NULL);
insert into public.questions (text, vibe, difficulty, fine_print, source, status, owner_id) values ('Have you used a silly voice for no reason?', 'silly', 1, NULL, 'seed', 'published', NULL);
insert into public.questions (text, vibe, difficulty, fine_print, source, status, owner_id) values ('Did you find money in an old pocket?', 'delight', 1, 'Any time you can remember, not just today.', 'seed', 'published', NULL);
insert into public.questions (text, vibe, difficulty, fine_print, source, status, owner_id) values ('Did you tell someone you appreciate them?', 'appreciation', 2, 'In person, text, or any way you told them — as long as they knew.', 'seed', 'published', NULL);
insert into public.questions (text, vibe, difficulty, fine_print, source, status, owner_id) values ('Have you called a friend just to chat?', 'friendship', 1, 'A phone or video call, not just texting — voice counts either way.', 'seed', 'published', NULL);
insert into public.questions (text, vibe, difficulty, fine_print, source, status, owner_id) values ('Did you make someone smile today?', 'warmth', 1, 'Doesn''t have to be on purpose — you just need to know it happened.', 'seed', 'published', NULL);
insert into public.questions (text, vibe, difficulty, fine_print, source, status, owner_id) values ('Have you hugged someone you love?', 'love', 1, 'Any timeframe you can recall, not just today.', 'seed', 'published', NULL);
insert into public.questions (text, vibe, difficulty, fine_print, source, status, owner_id) values ('Did you really listen when someone talked to you?', 'listening', 2, '"Really listen" means not planning your response or checking your phone.', 'seed', 'published', NULL);
insert into public.questions (text, vibe, difficulty, fine_print, source, status, owner_id) values ('Have you reconnected with an old friend?', 'friendship', 2, 'Someone you''d lost touch with — any reach-out counts, big or small.', 'seed', 'published', NULL);
insert into public.questions (text, vibe, difficulty, fine_print, source, status, owner_id) values ('Did you ask someone how they''re really doing?', 'empathy', 2, 'Beyond the small-talk version — you wanted the honest answer.', 'seed', 'published', NULL);
insert into public.questions (text, vibe, difficulty, fine_print, source, status, owner_id) values ('Have you shared a meal with someone?', 'connection', 1, 'Any meal, any setting — cooking together or just eating together counts.', 'seed', 'published', NULL);
insert into public.questions (text, vibe, difficulty, fine_print, source, status, owner_id) values ('Did you compliment a stranger?', 'generosity', 2, 'Someone you don''t know personally — a cashier or passerby counts.', 'seed', 'published', NULL);
insert into public.questions (text, vibe, difficulty, fine_print, source, status, owner_id) values ('Have you sent a thinking-of-you text?', 'friendship', 1, NULL, 'seed', 'published', NULL);
insert into public.questions (text, vibe, difficulty, fine_print, source, status, owner_id) values ('Did you forgive someone today?', 'forgiveness', 3, 'Forgiving means releasing the resentment, not necessarily reconciling or saying so out loud.', 'seed', 'published', NULL);
insert into public.questions (text, vibe, difficulty, fine_print, source, status, owner_id) values ('Have you made plans to see someone you miss?', 'connection', 2, 'Even a loose plan or a "let''s find a time" counts.', 'seed', 'published', NULL);
insert into public.questions (text, vibe, difficulty, fine_print, source, status, owner_id) values ('Did you let someone help you today?', 'vulnerability', 2, 'Big or small — accepting help counts even if you could''ve managed alone.', 'seed', 'published', NULL);
insert into public.questions (text, vibe, difficulty, fine_print, source, status, owner_id) values ('Have you told someone they inspire you?', 'appreciation', 2, NULL, 'seed', 'published', NULL);
insert into public.questions (text, vibe, difficulty, fine_print, source, status, owner_id) values ('Did you hold space for someone''s feelings?', 'listening', 3, 'Holding space means listening without trying to fix or redirect it.', 'seed', 'published', NULL);
insert into public.questions (text, vibe, difficulty, fine_print, source, status, owner_id) values ('Have you said sorry when you were wrong?', 'honesty', 3, 'Any timeframe you remember, not just today.', 'seed', 'published', NULL);
insert into public.questions (text, vibe, difficulty, fine_print, source, status, owner_id) values ('Did you celebrate someone else''s win today?', 'celebration', 1, 'Big or small — a congratulations text counts as much as a party.', 'seed', 'published', NULL);
insert into public.questions (text, vibe, difficulty, fine_print, source, status, owner_id) values ('Have you had a deep conversation recently?', 'vulnerability', 2, '"Deep" means beyond logistics or small talk; "recently" means the last week or two.', 'seed', 'published', NULL);
insert into public.questions (text, vibe, difficulty, fine_print, source, status, owner_id) values ('Did you introduce two people who should know each other?', 'generosity', 2, NULL, 'seed', 'published', NULL);
insert into public.questions (text, vibe, difficulty, fine_print, source, status, owner_id) values ('Have you checked in on someone who went quiet?', 'empathy', 2, 'Someone who''d gone quiet on you or seemed off, for any reason.', 'seed', 'published', NULL);
insert into public.questions (text, vibe, difficulty, fine_print, source, status, owner_id) values ('Did you let someone go first today?', 'kindness', 1, 'Any small courtesy counts — a line, a door, a turn to speak.', 'seed', 'published', NULL);
insert into public.questions (text, vibe, difficulty, fine_print, source, status, owner_id) values ('Have you thanked someone who''s always there?', 'gratitude', 2, 'Anyone who consistently shows up for you, said aloud or in a message.', 'seed', 'published', NULL);
insert into public.questions (text, vibe, difficulty, fine_print, source, status, owner_id) values ('Did you share something vulnerable with someone?', 'vulnerability', 3, 'Something you don''t usually say out loud, big or small.', 'seed', 'published', NULL);
insert into public.questions (text, vibe, difficulty, fine_print, source, status, owner_id) values ('Have you laughed with someone until it hurt?', 'joy', 1, NULL, 'seed', 'published', NULL);
insert into public.questions (text, vibe, difficulty, fine_print, source, status, owner_id) values ('Did you put your phone away during a conversation?', 'presence', 2, 'Out of reach or sight, not just face-down on the table.', 'seed', 'published', NULL);
insert into public.questions (text, vibe, difficulty, fine_print, source, status, owner_id) values ('Have you watched a movie that made you cry?', 'resonance', 1, 'Any timeframe, any movie — tearing up counts as crying.', 'seed', 'published', NULL);
insert into public.questions (text, vibe, difficulty, fine_print, source, status, owner_id) values ('Do you know all the words to a Taylor Swift song?', 'fandom', 1, 'Just one song fully memorized counts, not her whole catalog.', 'seed', 'published', NULL);
insert into public.questions (text, vibe, difficulty, fine_print, source, status, owner_id) values ('Have you binged an entire series in one sitting?', 'immersion', 1, 'Same-day counts, even with normal breaks — it doesn''t need to be unbroken.', 'seed', 'published', NULL);
insert into public.questions (text, vibe, difficulty, fine_print, source, status, owner_id) values ('Did you get emotionally attached to a fictional character?', 'resonance', 1, NULL, 'seed', 'published', NULL);
insert into public.questions (text, vibe, difficulty, fine_print, source, status, owner_id) values ('Have you ever dressed up for a movie premiere?', 'fandom', 1, 'Costume, cosplay, or just dressing nicer than usual — any of it counts.', 'seed', 'published', NULL);
insert into public.questions (text, vibe, difficulty, fine_print, source, status, owner_id) values ('Do you have a celebrity crush?', 'playful', 1, 'Past or present, however long it lasted.', 'seed', 'published', NULL);
insert into public.questions (text, vibe, difficulty, fine_print, source, status, owner_id) values ('Have you cried during an animated movie?', 'resonance', 1, NULL, 'seed', 'published', NULL);
insert into public.questions (text, vibe, difficulty, fine_print, source, status, owner_id) values ('Did you rewatch a comfort show recently?', 'comfort', 1, '"Recently" means the last few weeks or so.', 'seed', 'published', NULL);
insert into public.questions (text, vibe, difficulty, fine_print, source, status, owner_id) values ('Have you listened to a song on repeat for hours?', 'immersion', 1, 'Literal hours, or however long it felt like you''d been at it.', 'seed', 'published', NULL);
insert into public.questions (text, vibe, difficulty, fine_print, source, status, owner_id) values ('Do you know more about a fictional universe than real history?', 'escapism', 1, 'Compare any one fictional world you love to your general history knowledge.', 'seed', 'published', NULL);
insert into public.questions (text, vibe, difficulty, fine_print, source, status, owner_id) values ('Have you quoted a movie in a real conversation?', 'humor', 1, NULL, 'seed', 'published', NULL);
insert into public.questions (text, vibe, difficulty, fine_print, source, status, owner_id) values ('Did you discover a new artist you love?', 'passion', 1, 'No timeframe — anytime you can remember discovering them.', 'seed', 'published', NULL);
insert into public.questions (text, vibe, difficulty, fine_print, source, status, owner_id) values ('Have you had a song stuck in your head all day?', 'immersion', 1, NULL, 'seed', 'published', NULL);
insert into public.questions (text, vibe, difficulty, fine_print, source, status, owner_id) values ('Did a TV show change your perspective on something?', 'resonance', 2, NULL, 'seed', 'published', NULL);
insert into public.questions (text, vibe, difficulty, fine_print, source, status, owner_id) values ('Have you stayed up too late finishing a book?', 'passion', 1, 'Too late by your own standard, not anyone else''s bedtime rule.', 'seed', 'published', NULL);
insert into public.questions (text, vibe, difficulty, fine_print, source, status, owner_id) values ('Do you have a comfort movie you''ve seen 10+ times?', 'comfort', 1, NULL, 'seed', 'published', NULL);
insert into public.questions (text, vibe, difficulty, fine_print, source, status, owner_id) values ('Have you cried at a song in public?', 'vulnerability', 1, 'Anywhere outside your own space alone — a car with others counts.', 'seed', 'published', NULL);
insert into public.questions (text, vibe, difficulty, fine_print, source, status, owner_id) values ('Did you learn something real from a fictional story?', 'curiosity', 2, NULL, 'seed', 'published', NULL);
insert into public.questions (text, vibe, difficulty, fine_print, source, status, owner_id) values ('Have you recommended a show to everyone you know?', 'passion', 1, '"Everyone" is a feeling, not a headcount — a few enthusiastic recommendations count.', 'seed', 'published', NULL);
insert into public.questions (text, vibe, difficulty, fine_print, source, status, owner_id) values ('Do you have a playlist for your current mood?', 'expression', 1, NULL, 'seed', 'published', NULL);
insert into public.questions (text, vibe, difficulty, fine_print, source, status, owner_id) values ('Have you cosplayed or wanted to?', 'fandom', 1, NULL, 'seed', 'published', NULL);
insert into public.questions (text, vibe, difficulty, fine_print, source, status, owner_id) values ('Did a podcast make you rethink something?', 'curiosity', 2, NULL, 'seed', 'published', NULL);
insert into public.questions (text, vibe, difficulty, fine_print, source, status, owner_id) values ('Have you felt understood by a song lyric?', 'resonance', 1, NULL, 'seed', 'published', NULL);
insert into public.questions (text, vibe, difficulty, fine_print, source, status, owner_id) values ('Do you judge a person by their taste in music?', 'taste', 1, 'Forming any opinion about them counts, not just harsh judgment.', 'seed', 'published', NULL);
insert into public.questions (text, vibe, difficulty, fine_print, source, status, owner_id) values ('Have you written fan fiction or wanted to?', 'creation', 1, NULL, 'seed', 'published', NULL);
insert into public.questions (text, vibe, difficulty, fine_print, source, status, owner_id) values ('Can you name all the planets in order?', 'knowledge', 2, 'The eight recognized planets — Pluto is optional either way.', 'seed', 'published', NULL);
insert into public.questions (text, vibe, difficulty, fine_print, source, status, owner_id) values ('Do you know your blood type?', 'knowledge', 1, NULL, 'seed', 'published', NULL);
insert into public.questions (text, vibe, difficulty, fine_print, source, status, owner_id) values ('Have you ever seen a shooting star?', 'wonder', 1, 'A meteor you took to be a shooting star counts, confirmed or not.', 'seed', 'published', NULL);
insert into public.questions (text, vibe, difficulty, fine_print, source, status, owner_id) values ('Can you fold a paper crane?', 'skill', 2, 'From memory, without looking up the steps.', 'seed', 'published', NULL);
insert into public.questions (text, vibe, difficulty, fine_print, source, status, owner_id) values ('Do you know how to read a map without GPS?', 'resourcefulness', 2, 'A paper map or general sense of direction — not memorizing every road.', 'seed', 'published', NULL);
insert into public.questions (text, vibe, difficulty, fine_print, source, status, owner_id) values ('Have you ever grown something from a seed?', 'patience', 1, NULL, 'seed', 'published', NULL);
insert into public.questions (text, vibe, difficulty, fine_print, source, status, owner_id) values ('Can you name a constellation in the night sky?', 'knowledge', 2, 'Naming it is enough — you don''t need to be able to spot it in the sky.', 'seed', 'published', NULL);
insert into public.questions (text, vibe, difficulty, fine_print, source, status, owner_id) values ('Do you remember your childhood phone number?', 'memory', 2, 'Any phone number from your childhood home counts.', 'seed', 'published', NULL);
insert into public.questions (text, vibe, difficulty, fine_print, source, status, owner_id) values ('Have you ever been to a different continent?', 'adventure', 1, 'Different from the continent you live on — any trip there counts.', 'seed', 'published', NULL);
insert into public.questions (text, vibe, difficulty, fine_print, source, status, owner_id) values ('Can you cook a meal without a recipe?', 'resourcefulness', 1, 'A simple meal counts — it doesn''t need to be elaborate.', 'seed', 'published', NULL);
insert into public.questions (text, vibe, difficulty, fine_print, source, status, owner_id) values ('Do you know the capital of Australia?', 'knowledge', 2, NULL, 'seed', 'published', NULL);
insert into public.questions (text, vibe, difficulty, fine_print, source, status, owner_id) values ('Have you ever written a letter by hand?', 'craft', 1, 'Any handwritten note sent by mail counts, not just a formal letter.', 'seed', 'published', NULL);
insert into public.questions (text, vibe, difficulty, fine_print, source, status, owner_id) values ('Can you name five countries that start with ''M''?', 'knowledge', 2, NULL, 'seed', 'published', NULL);
insert into public.questions (text, vibe, difficulty, fine_print, source, status, owner_id) values ('Do you know what your name means?', 'identity', 1, 'Either the literal meaning or the story behind why you were given it.', 'seed', 'published', NULL);
insert into public.questions (text, vibe, difficulty, fine_print, source, status, owner_id) values ('Have you ever been awake for more than 24 hours?', 'grit', 1, 'Straight through, without a nap in between.', 'seed', 'published', NULL);
insert into public.questions (text, vibe, difficulty, fine_print, source, status, owner_id) values ('Can you ride a bicycle with no hands?', 'skill', 2, NULL, 'seed', 'published', NULL);
insert into public.questions (text, vibe, difficulty, fine_print, source, status, owner_id) values ('Do you know how to change a tire?', 'resourcefulness', 2, 'Knowing the steps counts, even if you''ve never actually done it.', 'seed', 'published', NULL);
insert into public.questions (text, vibe, difficulty, fine_print, source, status, owner_id) values ('Have you ever seen the Northern Lights?', 'wonder', 1, 'In person, not just in photos or video.', 'seed', 'published', NULL);
insert into public.questions (text, vibe, difficulty, fine_print, source, status, owner_id) values ('Can you whistle a full melody?', 'skill', 1, NULL, 'seed', 'published', NULL);
insert into public.questions (text, vibe, difficulty, fine_print, source, status, owner_id) values ('Do you know how to swim?', 'skill', 1, 'Comfortable enough to stay afloat and move — you don''t need to be fast.', 'seed', 'published', NULL);
insert into public.questions (text, vibe, difficulty, fine_print, source, status, owner_id) values ('Have you ever caught a fish?', 'adventure', 1, NULL, 'seed', 'published', NULL);
insert into public.questions (text, vibe, difficulty, fine_print, source, status, owner_id) values ('Can you do mental math faster than your phone?', 'skill', 2, 'Compare start-to-finish, including the time it takes to unlock your phone.', 'seed', 'published', NULL);
insert into public.questions (text, vibe, difficulty, fine_print, source, status, owner_id) values ('Do you know your Wi-Fi password by heart?', 'memory', 1, NULL, 'seed', 'published', NULL);
insert into public.questions (text, vibe, difficulty, fine_print, source, status, owner_id) values ('Have you ever built something with your hands?', 'craft', 1, 'Anything from furniture to a small craft project counts.', 'seed', 'published', NULL);
insert into public.questions (text, vibe, difficulty, fine_print, source, status, owner_id) values ('Can you type without looking at the keyboard?', 'skill', 1, 'Mostly without looking is fine — you don''t need to never glance down.', 'seed', 'published', NULL);
insert into public.questions (text, vibe, difficulty, fine_print, source, status, owner_id) values ('Did you drink enough water today?', 'health', 1, 'Go by what feels like enough for your body, not a specific number of glasses.', 'seed', 'published', NULL);
insert into public.questions (text, vibe, difficulty, fine_print, source, status, owner_id) values ('Have you stretched your body?', 'health', 1, 'Any stretching counts, formal or just reaching before getting up.', 'seed', 'published', NULL);
insert into public.questions (text, vibe, difficulty, fine_print, source, status, owner_id) values ('Did you get some fresh air?', 'nature', 1, 'Even a few minutes outside or by an open window counts.', 'seed', 'published', NULL);
insert into public.questions (text, vibe, difficulty, fine_print, source, status, owner_id) values ('Have you taken a deep breath on purpose?', 'mindfulness', 1, NULL, 'seed', 'published', NULL);
insert into public.questions (text, vibe, difficulty, fine_print, source, status, owner_id) values ('Did you put your phone down for an hour?', 'balance', 2, 'Counts whether it was one continuous hour or added up across the day.', 'seed', 'published', NULL);
insert into public.questions (text, vibe, difficulty, fine_print, source, status, owner_id) values ('Have you done something just for yourself?', 'selfcare', 2, 'Anything chosen purely for your own enjoyment, no matter how small.', 'seed', 'published', NULL);
insert into public.questions (text, vibe, difficulty, fine_print, source, status, owner_id) values ('Did you go to bed at a reasonable time?', 'discipline', 2, 'Reasonable by your own standard and schedule, not a fixed hour.', 'seed', 'published', NULL);
insert into public.questions (text, vibe, difficulty, fine_print, source, status, owner_id) values ('Have you moved your body today?', 'health', 1, 'Any movement counts — a walk or chores, not just formal exercise.', 'seed', 'published', NULL);
insert into public.questions (text, vibe, difficulty, fine_print, source, status, owner_id) values ('Did you eat a vegetable?', 'nourishment', 1, NULL, 'seed', 'published', NULL);
insert into public.questions (text, vibe, difficulty, fine_print, source, status, owner_id) values ('Have you looked up from your screen at the sky?', 'nature', 1, NULL, 'seed', 'published', NULL);
insert into public.questions (text, vibe, difficulty, fine_print, source, status, owner_id) values ('Did you wake up feeling rested?', 'rest', 1, NULL, 'seed', 'published', NULL);
insert into public.questions (text, vibe, difficulty, fine_print, source, status, owner_id) values ('Have you taken a walk outside today?', 'nature', 1, 'Any length counts, from a quick loop around the block to a longer walk.', 'seed', 'published', NULL);
insert into public.questions (text, vibe, difficulty, fine_print, source, status, owner_id) values ('Did you eat a home-cooked meal?', 'nourishment', 1, 'Made by you or anyone in your household — reheated takeout doesn''t count.', 'seed', 'published', NULL);
insert into public.questions (text, vibe, difficulty, fine_print, source, status, owner_id) values ('Have you said no to something that drains you?', 'boundaries', 2, 'Could be a request, an obligation, or your own habit — any "no" counts.', 'seed', 'published', NULL);
insert into public.questions (text, vibe, difficulty, fine_print, source, status, owner_id) values ('Did you spend less than an hour on social media?', 'balance', 2, NULL, 'seed', 'published', NULL);
insert into public.questions (text, vibe, difficulty, fine_print, source, status, owner_id) values ('Have you cleaned or organized a space today?', 'discipline', 1, 'Any space counts, even a single drawer or your desk.', 'seed', 'published', NULL);
insert into public.questions (text, vibe, difficulty, fine_print, source, status, owner_id) values ('Did you take your medication or vitamins?', 'health', 1, NULL, 'seed', 'published', NULL);
insert into public.questions (text, vibe, difficulty, fine_print, source, status, owner_id) values ('Have you listened to your body''s signals?', 'mindfulness', 2, 'Signals like hunger, fatigue, or tension — noticing them is enough, acting isn''t required.', 'seed', 'published', NULL);
insert into public.questions (text, vibe, difficulty, fine_print, source, status, owner_id) values ('Did you do something that made you feel strong?', 'strength', 2, 'Physical, mental, or emotional strength all count.', 'seed', 'published', NULL);
insert into public.questions (text, vibe, difficulty, fine_print, source, status, owner_id) values ('Have you journaled or reflected in writing?', 'reflection', 2, 'Any format counts, from a full journal entry to a few scribbled notes.', 'seed', 'published', NULL);
insert into public.questions (text, vibe, difficulty, fine_print, source, status, owner_id) values ('Did you avoid comparing yourself to others today?', 'honesty', 3, 'Noticing a comparison and letting it go counts as avoiding it.', 'seed', 'published', NULL);
insert into public.questions (text, vibe, difficulty, fine_print, source, status, owner_id) values ('Have you created something today?', 'creation', 2, 'Anything you made counts, from a meal to a piece of art.', 'seed', 'published', NULL);
insert into public.questions (text, vibe, difficulty, fine_print, source, status, owner_id) values ('Did you rest without guilt?', 'rest', 2, 'Any kind of rest counts — the point is the absence of guilt, not the activity.', 'seed', 'published', NULL);
insert into public.questions (text, vibe, difficulty, fine_print, source, status, owner_id) values ('Have you spent time in nature this week?', 'nature', 1, 'A park or a backyard counts — it doesn''t have to be wilderness.', 'seed', 'published', NULL);
insert into public.questions (text, vibe, difficulty, fine_print, source, status, owner_id) values ('Did you set a healthy boundary today?', 'boundaries', 3, 'Could be spoken aloud or simply held firm in your own mind.', 'seed', 'published', NULL);
insert into public.questions (text, vibe, difficulty, fine_print, source, status, owner_id) values ('Did you have a vivid dream last night?', 'dreams', 1, 'Vivid means detailed or memorable, not necessarily pleasant.', 'seed', 'published', NULL);
insert into public.questions (text, vibe, difficulty, fine_print, source, status, owner_id) values ('Have you written something creative recently?', 'creation', 2, '"Recently" means the last few weeks — a few lines count, not just finished pieces.', 'seed', 'published', NULL);
insert into public.questions (text, vibe, difficulty, fine_print, source, status, owner_id) values ('Did you make something with your hands today?', 'craft', 2, 'Anything physical counts, from a meal to a repair.', 'seed', 'published', NULL);
insert into public.questions (text, vibe, difficulty, fine_print, source, status, owner_id) values ('Have you had a new idea that excited you?', 'inspiration', 1, 'No timeframe — any idea you can remember getting excited about.', 'seed', 'published', NULL);
insert into public.questions (text, vibe, difficulty, fine_print, source, status, owner_id) values ('Did you daydream today?', 'imagination', 1, NULL, 'seed', 'published', NULL);
insert into public.questions (text, vibe, difficulty, fine_print, source, status, owner_id) values ('Have you tried a new creative medium?', 'experimentation', 2, 'Any art form you haven''t tried before, however briefly.', 'seed', 'published', NULL);
insert into public.questions (text, vibe, difficulty, fine_print, source, status, owner_id) values ('Did you take a photo that tells a story?', 'expression', 2, 'It just needs to capture a moment or feeling, not a whole narrative.', 'seed', 'published', NULL);
insert into public.questions (text, vibe, difficulty, fine_print, source, status, owner_id) values ('Have you been inspired by something unexpected?', 'inspiration', 1, NULL, 'seed', 'published', NULL);
insert into public.questions (text, vibe, difficulty, fine_print, source, status, owner_id) values ('Did you solve a problem in a creative way?', 'resourcefulness', 2, 'Any problem counts, from a recipe substitution to something bigger.', 'seed', 'published', NULL);
insert into public.questions (text, vibe, difficulty, fine_print, source, status, owner_id) values ('Have you shared your creative work with someone?', 'vulnerability', 3, 'Anything you made counts, even something small or unfinished.', 'seed', 'published', NULL);
insert into public.questions (text, vibe, difficulty, fine_print, source, status, owner_id) values ('Did you play music or make a sound today?', 'expression', 1, NULL, 'seed', 'published', NULL);
insert into public.questions (text, vibe, difficulty, fine_print, source, status, owner_id) values ('Have you reimagined something ordinary?', 'imagination', 2, 'Seeing an everyday object or moment differently than usual counts.', 'seed', 'published', NULL);
insert into public.questions (text, vibe, difficulty, fine_print, source, status, owner_id) values ('Did you let yourself be a beginner at something?', 'humility', 2, NULL, 'seed', 'published', NULL);
insert into public.questions (text, vibe, difficulty, fine_print, source, status, owner_id) values ('Have you written down a dream or idea?', 'dreams', 1, NULL, 'seed', 'published', NULL);
insert into public.questions (text, vibe, difficulty, fine_print, source, status, owner_id) values ('Did you color, paint, or sketch today?', 'creation', 1, NULL, 'seed', 'published', NULL);
insert into public.questions (text, vibe, difficulty, fine_print, source, status, owner_id) values ('Have you arranged something beautifully?', 'beauty', 1, 'A table, a room, a plate of food — any arranging counts.', 'seed', 'published', NULL);
insert into public.questions (text, vibe, difficulty, fine_print, source, status, owner_id) values ('Did you make up a story or scenario?', 'imagination', 1, NULL, 'seed', 'published', NULL);
insert into public.questions (text, vibe, difficulty, fine_print, source, status, owner_id) values ('Have you experimented in the kitchen?', 'experimentation', 1, 'No timeframe — any time you tried something new with food.', 'seed', 'published', NULL);
insert into public.questions (text, vibe, difficulty, fine_print, source, status, owner_id) values ('Did you see art that moved you?', 'resonance', 1, 'Any form counts — visual art, music, film, or anything else.', 'seed', 'published', NULL);
insert into public.questions (text, vibe, difficulty, fine_print, source, status, owner_id) values ('Have you imagined your ideal day in detail?', 'dreams', 2, NULL, 'seed', 'published', NULL);
insert into public.questions (text, vibe, difficulty, fine_print, source, status, owner_id) values ('Did you express yourself in a new way?', 'expression', 2, 'Any form of self-expression you don''t usually reach for counts.', 'seed', 'published', NULL);
insert into public.questions (text, vibe, difficulty, fine_print, source, status, owner_id) values ('Have you built or fixed something recently?', 'craft', 2, '"Recently" means the last few weeks or so.', 'seed', 'published', NULL);
insert into public.questions (text, vibe, difficulty, fine_print, source, status, owner_id) values ('Did you find beauty in something broken?', 'wonder', 2, 'Literal or metaphorical — a cracked object or a hard situation both count.', 'seed', 'published', NULL);
insert into public.questions (text, vibe, difficulty, fine_print, source, status, owner_id) values ('Have you thought about what you''d create with unlimited time?', 'imagination', 2, NULL, 'seed', 'published', NULL);
insert into public.questions (text, vibe, difficulty, fine_print, source, status, owner_id) values ('Did creativity bring you joy today?', 'joy', 1, NULL, 'seed', 'published', NULL);
insert into public.questions (text, vibe, difficulty, fine_print, source, status, owner_id) values ('Did you learn something new today?', 'learning', 1, 'Any size counts, from a small fact to a real insight.', 'seed', 'published', NULL);
insert into public.questions (text, vibe, difficulty, fine_print, source, status, owner_id) values ('Have you taken a step toward a goal this week?', 'ambition', 2, 'Any size step counts, even a small one.', 'seed', 'published', NULL);
insert into public.questions (text, vibe, difficulty, fine_print, source, status, owner_id) values ('Did you step outside your comfort zone?', 'fear', 2, 'Any size counts — it''s about the discomfort, not the scale of the act.', 'seed', 'published', NULL);
insert into public.questions (text, vibe, difficulty, fine_print, source, status, owner_id) values ('Have you asked for feedback recently?', 'feedback', 2, '"Recently" means the last few weeks or so.', 'seed', 'published', NULL);
insert into public.questions (text, vibe, difficulty, fine_print, source, status, owner_id) values ('Did you fail at something and try again?', 'grit', 3, 'Any size of failure counts, as long as you tried again after.', 'seed', 'published', NULL);
insert into public.questions (text, vibe, difficulty, fine_print, source, status, owner_id) values ('Have you read something that challenged your thinking?', 'curiosity', 2, 'No timeframe — books, articles, or anything else you''ve read.', 'seed', 'published', NULL);
insert into public.questions (text, vibe, difficulty, fine_print, source, status, owner_id) values ('Did you practice a skill you''re developing?', 'discipline', 2, NULL, 'seed', 'published', NULL);
insert into public.questions (text, vibe, difficulty, fine_print, source, status, owner_id) values ('Have you invested in your future self?', 'ambition', 2, 'Time, money, or effort — any investment in where you''re headed counts.', 'seed', 'published', NULL);
insert into public.questions (text, vibe, difficulty, fine_print, source, status, owner_id) values ('Did you have a productive day?', 'discipline', 1, 'Productive by your own definition, not anyone else''s checklist.', 'seed', 'published', NULL);
insert into public.questions (text, vibe, difficulty, fine_print, source, status, owner_id) values ('Have you mentored or taught someone?', 'generosity', 2, 'Formal or informal — showing someone how to do something counts.', 'seed', 'published', NULL);
insert into public.questions (text, vibe, difficulty, fine_print, source, status, owner_id) values ('Did you start something you''ve been putting off?', 'grit', 3, NULL, 'seed', 'published', NULL);
insert into public.questions (text, vibe, difficulty, fine_print, source, status, owner_id) values ('Have you celebrated a small win?', 'gratitude', 1, NULL, 'seed', 'published', NULL);
insert into public.questions (text, vibe, difficulty, fine_print, source, status, owner_id) values ('Did you choose progress over perfection?', 'progress', 2, 'Any moment you let "good enough" be enough counts.', 'seed', 'published', NULL);
insert into public.questions (text, vibe, difficulty, fine_print, source, status, owner_id) values ('Have you written down your goals?', 'intention', 2, 'On paper or digitally, either counts.', 'seed', 'published', NULL);
insert into public.questions (text, vibe, difficulty, fine_print, source, status, owner_id) values ('Did you resist the urge to quit something hard?', 'persistence', 3, NULL, 'seed', 'published', NULL);
insert into public.questions (text, vibe, difficulty, fine_print, source, status, owner_id) values ('Have you changed your mind about something important?', 'honesty', 3, 'Important by your own measure, any time you can remember.', 'seed', 'published', NULL);
insert into public.questions (text, vibe, difficulty, fine_print, source, status, owner_id) values ('Did you prioritize what matters over what''s urgent?', 'priority', 2, 'A moment you chose the meaningful task over the loud, time-pressured one.', 'seed', 'published', NULL);
insert into public.questions (text, vibe, difficulty, fine_print, source, status, owner_id) values ('Have you sought out a new perspective?', 'curiosity', 2, 'Deliberately seeking it out counts, not just stumbling into one.', 'seed', 'published', NULL);
insert into public.questions (text, vibe, difficulty, fine_print, source, status, owner_id) values ('Did you show up for yourself today?', 'discipline', 2, 'Any way you kept a promise to yourself today, big or small.', 'seed', 'published', NULL);
insert into public.questions (text, vibe, difficulty, fine_print, source, status, owner_id) values ('Have you been patient with your own progress?', 'patience', 2, 'Not rushing or berating yourself for how slow it''s felt.', 'seed', 'published', NULL);
insert into public.questions (text, vibe, difficulty, fine_print, source, status, owner_id) values ('Did you make a decision you''d been avoiding?', 'decision', 3, NULL, 'seed', 'published', NULL);
insert into public.questions (text, vibe, difficulty, fine_print, source, status, owner_id) values ('Have you thought about your purpose lately?', 'purpose', 3, '"Lately" means the last few weeks or so.', 'seed', 'published', NULL);
insert into public.questions (text, vibe, difficulty, fine_print, source, status, owner_id) values ('Did you do the hard thing instead of the easy thing?', 'grit', 3, NULL, 'seed', 'published', NULL);
insert into public.questions (text, vibe, difficulty, fine_print, source, status, owner_id) values ('Have you acknowledged how far you''ve come?', 'gratitude', 2, 'Compare to any earlier point in your life, not just recently.', 'seed', 'published', NULL);
insert into public.questions (text, vibe, difficulty, fine_print, source, status, owner_id) values ('Did you invest time in something meaningful today?', 'purpose', 2, 'Meaningful by your own definition, whatever that looks like for you.', 'seed', 'published', NULL);

-- ══════════════════════════════════════════════════════════════
-- GARDENS
-- ══════════════════════════════════════════════════════════════
insert into public.gardens (id, name, description, icon, color, seed_cost, tier, status, sort) values ('shadows', 'Shadows', 'The parts of yourself you avoid', '🌑', '#4A5568', 300, 3, 'published', 0);
insert into public.gardens (id, name, description, icon, color, seed_cost, tier, status, sort) values ('mirrors', 'Mirrors', 'Honest reflections on who you are', '🪞', '#718096', 200, 2, 'published', 1);
insert into public.gardens (id, name, description, icon, color, seed_cost, tier, status, sort) values ('crossroads', 'Crossroads', 'Life decisions and regrets', '⚖️', '#9F7AEA', 250, 2, 'published', 2);
insert into public.gardens (id, name, description, icon, color, seed_cost, tier, status, sort) values ('roots', 'Roots', 'Family, origin, and belonging', '🌳', '#48BB78', 200, 2, 'published', 3);
insert into public.gardens (id, name, description, icon, color, seed_cost, tier, status, sort) values ('depths', 'Depths', 'Mortality, meaning, and existence', '🌊', '#4299E1', 400, 3, 'published', 4);
insert into public.gardens (id, name, description, icon, color, seed_cost, tier, status, sort) values ('embers', 'Embers', 'Love, desire, and intimacy', '🔥', '#E53E3E', 250, 2, 'published', 5);
insert into public.gardens (id, name, description, icon, color, seed_cost, tier, status, sort) values ('compass', 'Compass', 'Purpose, calling, and direction', '🧭', '#DD6B20', 300, 3, 'published', 6);
insert into public.gardens (id, name, description, icon, color, seed_cost, tier, status, sort) values ('still', 'Still', 'Solitude, silence, and inner peace', '🕊️', '#B794F4', 150, 1, 'published', 7);

-- ══════════════════════════════════════════════════════════════
-- GARDEN ITEMS
-- ══════════════════════════════════════════════════════════════
insert into public.garden_items (garden_id, position, content_type, text, attribution, vibe, difficulty, fine_print) values ('shadows', 0, 'question', 'Are you running from something you should face?', NULL, 'shadow', 3, '"Running" means avoiding, distracting yourself, or postponing — not necessarily fleeing outright.');
insert into public.garden_items (garden_id, position, content_type, text, attribution, vibe, difficulty, fine_print) values ('shadows', 1, 'quote', 'One does not become enlightened by imagining figures of light, but by making the darkness conscious.', 'Carl Jung', 'shadow', 1, NULL);
insert into public.garden_items (garden_id, position, content_type, text, attribution, vibe, difficulty, fine_print) values ('shadows', 2, 'question', 'Do you judge others for traits you see in yourself?', NULL, 'honesty', 3, 'This includes traits you''re only dimly aware of in yourself, not just ones you''d openly admit to.');
insert into public.garden_items (garden_id, position, content_type, text, attribution, vibe, difficulty, fine_print) values ('shadows', 3, 'question', 'Have you been lying to yourself about something important?', NULL, 'truth', 3, 'This means avoiding a truth you already sense on some level, not simply being unsure.');
insert into public.garden_items (garden_id, position, content_type, text, attribution, vibe, difficulty, fine_print) values ('shadows', 4, 'vibe', 'Sit with the version of yourself you don''t show anyone.', NULL, 'shadow', 1, NULL);
insert into public.garden_items (garden_id, position, content_type, text, attribution, vibe, difficulty, fine_print) values ('shadows', 5, 'question', 'Are you the villain in someone else''s story?', NULL, 'honesty', 3, 'This asks how someone else might cast you in their account, not whether you meant harm.');
insert into public.garden_items (garden_id, position, content_type, text, attribution, vibe, difficulty, fine_print) values ('shadows', 6, 'question', 'Do you self-sabotage when things are going well?', NULL, 'shadow', 3, 'Self-sabotage means undermining your own progress, even unconsciously — not just an occasional slip.');
insert into public.garden_items (garden_id, position, content_type, text, attribution, vibe, difficulty, fine_print) values ('shadows', 7, 'quote', 'The wound is the place where the light enters you.', 'Rumi', 'wounds', 1, NULL);
insert into public.garden_items (garden_id, position, content_type, text, attribution, vibe, difficulty, fine_print) values ('shadows', 8, 'question', 'Do you secretly enjoy other people''s failures?', NULL, 'honesty', 3, '"Secretly" means a private flicker of satisfaction, even one you''d never admit out loud.');
insert into public.garden_items (garden_id, position, content_type, text, attribution, vibe, difficulty, fine_print) values ('shadows', 9, 'question', 'Are you pretending to be someone you''re not?', NULL, 'identity', 3, 'This can apply to one relationship or context, not necessarily your whole life.');
insert into public.garden_items (garden_id, position, content_type, text, attribution, vibe, difficulty, fine_print) values ('mirrors', 0, 'question', 'Would you want to be friends with yourself?', NULL, 'reflection', 2, 'Judge this by who you are right now, not who you''re trying to become.');
insert into public.garden_items (garden_id, position, content_type, text, attribution, vibe, difficulty, fine_print) values ('mirrors', 1, 'question', 'Do people know the real you?', NULL, 'identity', 2, 'This is about the people closest to you, not casual acquaintances or strangers.');
insert into public.garden_items (garden_id, position, content_type, text, attribution, vibe, difficulty, fine_print) values ('mirrors', 2, 'vibe', 'Look at yourself without any labels. Just you.', NULL, 'reflection', 1, NULL);
insert into public.garden_items (garden_id, position, content_type, text, attribution, vibe, difficulty, fine_print) values ('mirrors', 3, 'question', 'If you met yourself, would you trust you?', NULL, 'trust', 2, 'Trust here means keeping your word and having your own back, not liking everything about yourself.');
insert into public.garden_items (garden_id, position, content_type, text, attribution, vibe, difficulty, fine_print) values ('mirrors', 4, 'question', 'Are your values actually reflected in your actions?', NULL, 'honesty', 3, 'Think about your actions over recent months, not a single lapse.');
insert into public.garden_items (garden_id, position, content_type, text, attribution, vibe, difficulty, fine_print) values ('mirrors', 5, 'quote', 'We don''t see things as they are, we see them as we are.', 'Anais Nin', 'reflection', 1, NULL);
insert into public.garden_items (garden_id, position, content_type, text, attribution, vibe, difficulty, fine_print) values ('mirrors', 6, 'question', 'Are you the same person in private as in public?', NULL, 'honesty', 2, 'Small social adjustments don''t count — this is about your core character and honesty.');
insert into public.garden_items (garden_id, position, content_type, text, attribution, vibe, difficulty, fine_print) values ('mirrors', 7, 'question', 'Would your younger self be disappointed in you?', NULL, 'reflection', 3, 'Picture your younger self judging your character and choices, not your job title or income.');
insert into public.garden_items (garden_id, position, content_type, text, attribution, vibe, difficulty, fine_print) values ('mirrors', 8, 'question', 'Are you kind when no one is watching?', NULL, 'kindness', 2, 'Think of moments with no audience and nothing to gain, not just public politeness.');
insert into public.garden_items (garden_id, position, content_type, text, attribution, vibe, difficulty, fine_print) values ('mirrors', 9, 'question', 'Do you take more than you give?', NULL, 'honesty', 2, 'Weigh this across your relationships overall, not any single one.');
insert into public.garden_items (garden_id, position, content_type, text, attribution, vibe, difficulty, fine_print) values ('crossroads', 0, 'question', 'Is there a decision you''ve been avoiding?', NULL, 'decision', 2, '"Avoiding" means you know it needs deciding but keep delaying it, not that you haven''t thought about it.');
insert into public.garden_items (garden_id, position, content_type, text, attribution, vibe, difficulty, fine_print) values ('crossroads', 1, 'question', 'Are you staying somewhere out of fear, not love?', NULL, 'fear', 3, '"Somewhere" can mean a relationship, job, city, or any situation you haven''t left.');
insert into public.garden_items (garden_id, position, content_type, text, attribution, vibe, difficulty, fine_print) values ('crossroads', 2, 'quote', 'In any moment of decision, the best thing you can do is the right thing. The worst thing you can do is nothing.', 'Theodore Roosevelt', 'decision', 1, NULL);
insert into public.garden_items (garden_id, position, content_type, text, attribution, vibe, difficulty, fine_print) values ('crossroads', 3, 'question', 'Are you in the right career for your soul?', NULL, 'purpose', 3, '"For your soul" means it feels meaningful to you, not necessarily prestigious or lucrative.');
insert into public.garden_items (garden_id, position, content_type, text, attribution, vibe, difficulty, fine_print) values ('crossroads', 4, 'vibe', 'Imagine standing at a fork in the road. One path is familiar. One is not.', NULL, 'crossroads', 1, NULL);
insert into public.garden_items (garden_id, position, content_type, text, attribution, vibe, difficulty, fine_print) values ('crossroads', 5, 'question', 'Are you choosing comfort over growth?', NULL, 'growth', 2, 'Think of a specific choice you''re facing now, not your general life philosophy.');
insert into public.garden_items (garden_id, position, content_type, text, attribution, vibe, difficulty, fine_print) values ('crossroads', 6, 'question', 'Would you make the same choices if you could start over?', NULL, 'reflection', 3, 'Judge with the knowledge you have now, not by blaming your past self for not knowing it then.');
insert into public.garden_items (garden_id, position, content_type, text, attribution, vibe, difficulty, fine_print) values ('crossroads', 7, 'question', 'Are you waiting for permission to live your life?', NULL, 'permission', 2, '"Permission" means external approval — from a person, institution, or timeline — not your own readiness.');
insert into public.garden_items (garden_id, position, content_type, text, attribution, vibe, difficulty, fine_print) values ('crossroads', 8, 'question', 'Is fear making your decisions for you?', NULL, 'fear', 2, 'This is about fear overriding what you actually want, not reasonable caution.');
insert into public.garden_items (garden_id, position, content_type, text, attribution, vibe, difficulty, fine_print) values ('crossroads', 9, 'quote', 'The only way to make sense out of change is to plunge into it, move with it, and join the dance.', 'Alan Watts', 'acceptance', 1, NULL);
insert into public.garden_items (garden_id, position, content_type, text, attribution, vibe, difficulty, fine_print) values ('roots', 0, 'question', 'Have you forgiven your parents for their mistakes?', NULL, 'forgiveness', 3, 'Forgiving means releasing the resentment — it doesn''t require excusing what happened or reconciling.');
insert into public.garden_items (garden_id, position, content_type, text, attribution, vibe, difficulty, fine_print) values ('roots', 1, 'question', 'Are you repeating patterns from your childhood?', NULL, 'roots', 3, 'This includes patterns you repeat unconsciously, not just ones you''ve deliberately chosen.');
insert into public.garden_items (garden_id, position, content_type, text, attribution, vibe, difficulty, fine_print) values ('roots', 2, 'vibe', 'Think of the place that first felt like home.', NULL, 'belonging', 1, NULL);
insert into public.garden_items (garden_id, position, content_type, text, attribution, vibe, difficulty, fine_print) values ('roots', 3, 'question', 'Are there family wounds you haven''t healed?', NULL, 'wounds', 3, '"Family" here includes any relative, not just parents or siblings.');
insert into public.garden_items (garden_id, position, content_type, text, attribution, vibe, difficulty, fine_print) values ('roots', 4, 'quote', 'The apple doesn''t fall far from the tree, but it can roll.', NULL, 'roots', 1, NULL);
insert into public.garden_items (garden_id, position, content_type, text, attribution, vibe, difficulty, fine_print) values ('roots', 5, 'question', 'Have you become what your family expected?', NULL, 'identity', 2, 'This includes expectations they voiced directly or ones you absorbed without them saying so.');
insert into public.garden_items (garden_id, position, content_type, text, attribution, vibe, difficulty, fine_print) values ('roots', 6, 'question', 'Is there a conversation with family you need to have?', NULL, 'courage', 2, '"Need" means it feels overdue to you, not that anyone is demanding it.');
insert into public.garden_items (garden_id, position, content_type, text, attribution, vibe, difficulty, fine_print) values ('roots', 7, 'question', 'Do you know where you come from?', NULL, 'belonging', 1, 'This can mean your family history, heritage, or the place that shaped you — however you read it.');
insert into public.garden_items (garden_id, position, content_type, text, attribution, vibe, difficulty, fine_print) values ('roots', 8, 'question', 'Are you running toward something or away from your past?', NULL, 'roots', 3, 'Either direction counts as "running" here — this isn''t about which one is healthier.');
insert into public.garden_items (garden_id, position, content_type, text, attribution, vibe, difficulty, fine_print) values ('roots', 9, 'question', 'Have you made peace with your upbringing?', NULL, 'acceptance', 3, 'Peace here means you can think about it without it derailing you, not that it never stings.');
insert into public.garden_items (garden_id, position, content_type, text, attribution, vibe, difficulty, fine_print) values ('depths', 0, 'question', 'Are you afraid of dying?', NULL, 'mortality', 3, 'This is about the fact of dying itself, not fear of pain or how it might happen.');
insert into public.garden_items (garden_id, position, content_type, text, attribution, vibe, difficulty, fine_print) values ('depths', 1, 'question', 'Do you know what you''re living for?', NULL, 'purpose', 3, 'This doesn''t require one grand purpose — a person, value, or daily reason can count.');
insert into public.garden_items (garden_id, position, content_type, text, attribution, vibe, difficulty, fine_print) values ('depths', 2, 'quote', 'The meaning of life is to find your gift. The purpose of life is to give it away.', 'Pablo Picasso', 'purpose', 1, NULL);
insert into public.garden_items (garden_id, position, content_type, text, attribution, vibe, difficulty, fine_print) values ('depths', 3, 'question', 'Have you accepted that you won''t live forever?', NULL, 'mortality', 3, '"Accepted" means the thought no longer feels unbearable, not that you never think about it.');
insert into public.garden_items (garden_id, position, content_type, text, attribution, vibe, difficulty, fine_print) values ('depths', 4, 'vibe', 'Close your eyes. Imagine looking at Earth from space. You are here.', NULL, 'wonder', 1, NULL);
insert into public.garden_items (garden_id, position, content_type, text, attribution, vibe, difficulty, fine_print) values ('depths', 5, 'question', 'Do you believe you matter in the grand scheme?', NULL, 'identity', 3, '"Matter" can mean cosmic significance or impact on the people and world around you — however you read it.');
insert into public.garden_items (garden_id, position, content_type, text, attribution, vibe, difficulty, fine_print) values ('depths', 6, 'question', 'Have you found something worth suffering for?', NULL, 'purpose', 3, '"Suffering" here means real sacrifice or hardship, not everyday inconvenience.');
insert into public.garden_items (garden_id, position, content_type, text, attribution, vibe, difficulty, fine_print) values ('depths', 7, 'question', 'Are you running out of time for what matters most?', NULL, 'mortality', 3, 'This is about how it feels to you right now, not an actuarial calculation.');
insert into public.garden_items (garden_id, position, content_type, text, attribution, vibe, difficulty, fine_print) values ('depths', 8, 'quote', 'We are not human beings having a spiritual experience. We are spiritual beings having a human experience.', 'Pierre Teilhard de Chardin', 'wonder', 1, NULL);
insert into public.garden_items (garden_id, position, content_type, text, attribution, vibe, difficulty, fine_print) values ('depths', 9, 'question', 'Have you truly lived, or just existed?', NULL, 'purpose', 3, 'Judge this by your own sense of aliveness and engagement, not by outward achievements.');
insert into public.garden_items (garden_id, position, content_type, text, attribution, vibe, difficulty, fine_print) values ('embers', 0, 'question', 'Are you in love right now?', NULL, 'love', 2, 'This means present tense — feelings you''re experiencing now, not memories of past love.');
insert into public.garden_items (garden_id, position, content_type, text, attribution, vibe, difficulty, fine_print) values ('embers', 1, 'question', 'Have you lost someone you still think about?', NULL, 'love', 3, '"Lost" can mean death, breakup, or falling out of touch — any way they''re no longer in your life.');
insert into public.garden_items (garden_id, position, content_type, text, attribution, vibe, difficulty, fine_print) values ('embers', 2, 'vibe', 'Remember the last time someone made your chest feel warm.', NULL, 'love', 1, NULL);
insert into public.garden_items (garden_id, position, content_type, text, attribution, vibe, difficulty, fine_print) values ('embers', 3, 'question', 'Are you afraid of being truly known by someone?', NULL, 'vulnerability', 3, '"Truly known" means someone seeing your flaws and inner world, not just your public self.');
insert into public.garden_items (garden_id, position, content_type, text, attribution, vibe, difficulty, fine_print) values ('embers', 4, 'quote', 'We accept the love we think we deserve.', 'Stephen Chbosky', 'love', 1, NULL);
insert into public.garden_items (garden_id, position, content_type, text, attribution, vibe, difficulty, fine_print) values ('embers', 5, 'question', 'Do you express love the way your people need it?', NULL, 'empathy', 3, '"Need" means how they actually receive love best, which may differ from how you naturally express it.');
insert into public.garden_items (garden_id, position, content_type, text, attribution, vibe, difficulty, fine_print) values ('embers', 6, 'question', 'Are you holding onto a love that''s already gone?', NULL, 'letting_go', 3, '"Gone" can mean a relationship that ended, or one that quietly stopped being mutual.');
insert into public.garden_items (garden_id, position, content_type, text, attribution, vibe, difficulty, fine_print) values ('embers', 7, 'question', 'Have you let someone love you fully?', NULL, 'vulnerability', 3, '"Fully" means accepting their love without deflecting, minimizing, or holding part of yourself back.');
insert into public.garden_items (garden_id, position, content_type, text, attribution, vibe, difficulty, fine_print) values ('embers', 8, 'question', 'Do you believe you deserve the love you want?', NULL, 'desire', 3, 'This is about what you believe deep down, even if your actions don''t always reflect it.');
insert into public.garden_items (garden_id, position, content_type, text, attribution, vibe, difficulty, fine_print) values ('embers', 9, 'quote', 'To love and be loved is to feel the sun from both sides.', 'David Viscott', 'love', 1, NULL);
insert into public.garden_items (garden_id, position, content_type, text, attribution, vibe, difficulty, fine_print) values ('compass', 0, 'question', 'Do you know what you''d do if money didn''t matter?', NULL, 'direction', 2, 'Assume your basic needs would still be met — the question is how you''d spend your time.');
insert into public.garden_items (garden_id, position, content_type, text, attribution, vibe, difficulty, fine_print) values ('compass', 1, 'question', 'Are you building someone else''s dream?', NULL, 'purpose', 3, '"Someone else" can be a parent, boss, partner, or a script you inherited without choosing it.');
insert into public.garden_items (garden_id, position, content_type, text, attribution, vibe, difficulty, fine_print) values ('compass', 2, 'quote', 'Your work is to discover your world and then with all your heart give yourself to it.', 'Buddha', 'direction', 1, NULL);
insert into public.garden_items (garden_id, position, content_type, text, attribution, vibe, difficulty, fine_print) values ('compass', 3, 'question', 'Do you feel like you''re on the right path?', NULL, 'direction', 2, '"Right" here means it feels aligned to you, not measured against anyone else''s timeline.');
insert into public.garden_items (garden_id, position, content_type, text, attribution, vibe, difficulty, fine_print) values ('compass', 4, 'vibe', 'Picture where you want to be in five years. Not what — where.', NULL, 'direction', 1, NULL);
insert into public.garden_items (garden_id, position, content_type, text, attribution, vibe, difficulty, fine_print) values ('compass', 5, 'question', 'Have you sacrificed passion for stability?', NULL, 'crossroads', 3, 'This can be one major decision or a pattern of smaller ones over time.');
insert into public.garden_items (garden_id, position, content_type, text, attribution, vibe, difficulty, fine_print) values ('compass', 6, 'question', 'Do you wake up excited about your life?', NULL, 'purpose', 2, 'Think of your general pattern lately, not a single hard morning.');
insert into public.garden_items (garden_id, position, content_type, text, attribution, vibe, difficulty, fine_print) values ('compass', 7, 'question', 'Are you living by someone else''s definition of success?', NULL, 'honesty', 3, '"Someone else''s" can mean family, culture, or a social norm you never actually examined.');
insert into public.garden_items (garden_id, position, content_type, text, attribution, vibe, difficulty, fine_print) values ('compass', 8, 'question', 'Have you followed your curiosity to somewhere unexpected?', NULL, 'curiosity', 2, '"Somewhere" can be a place, a skill, a relationship, or a line of thought — anywhere curiosity led.');
insert into public.garden_items (garden_id, position, content_type, text, attribution, vibe, difficulty, fine_print) values ('compass', 9, 'quote', 'Not all those who wander are lost.', 'J.R.R. Tolkien', 'direction', 1, NULL);
insert into public.garden_items (garden_id, position, content_type, text, attribution, vibe, difficulty, fine_print) values ('still', 0, 'question', 'Can you sit in silence without reaching for your phone?', NULL, 'stillness', 2, 'Think of a stretch of a few minutes or more, not a single urge you resist once.');
insert into public.garden_items (garden_id, position, content_type, text, attribution, vibe, difficulty, fine_print) values ('still', 1, 'vibe', 'Take three slow breaths before continuing.', NULL, 'calm', 1, NULL);
insert into public.garden_items (garden_id, position, content_type, text, attribution, vibe, difficulty, fine_print) values ('still', 2, 'question', 'Have you found a place where you feel completely calm?', NULL, 'calm', 2, '"Place" can be physical or somewhere you get to mentally, like a memory or state of mind.');
insert into public.garden_items (garden_id, position, content_type, text, attribution, vibe, difficulty, fine_print) values ('still', 3, 'question', 'Are you comfortable being alone?', NULL, 'solitude', 2, 'This is about extended time alone, not brief solitude, and about comfort rather than preference.');
insert into public.garden_items (garden_id, position, content_type, text, attribution, vibe, difficulty, fine_print) values ('still', 4, 'quote', 'Almost everything will work again if you unplug it for a few minutes, including you.', 'Anne Lamott', 'rest', 1, NULL);
insert into public.garden_items (garden_id, position, content_type, text, attribution, vibe, difficulty, fine_print) values ('still', 5, 'question', 'Do you know what peace feels like in your body?', NULL, 'peace', 2, 'This means recognizing physical sensations — like a loosened jaw or slower breath — not just the idea of peace.');
insert into public.garden_items (garden_id, position, content_type, text, attribution, vibe, difficulty, fine_print) values ('still', 6, 'question', 'Are you always running from silence?', NULL, 'stillness', 3, '"Always" means as a consistent pattern, not that you''ve never once sat quietly.');
insert into public.garden_items (garden_id, position, content_type, text, attribution, vibe, difficulty, fine_print) values ('still', 7, 'vibe', 'Listen to the quietest sound you can hear right now.', NULL, 'calm', 1, NULL);
insert into public.garden_items (garden_id, position, content_type, text, attribution, vibe, difficulty, fine_print) values ('still', 8, 'question', 'Do you give yourself permission to do nothing?', NULL, 'permission', 2, '"Nothing" means unstructured time with no productive goal, not just a change of activity.');
insert into public.garden_items (garden_id, position, content_type, text, attribution, vibe, difficulty, fine_print) values ('still', 9, 'question', 'Is your inner voice kind or critical?', NULL, 'honesty', 3, 'Think of your general inner tone, not just how you talk to yourself after a single mistake.');

commit;
