-- Cilantro seed data
-- Auto-generated by scripts/generate-seed.mjs — do not edit by hand.
-- Generated: 2026-07-14T05:21:47.102Z
-- Idempotent: safe to re-run (deletes prior seed rows first, FK-safe order).

begin;

-- Cleanup prior seed data (FK-safe order)
delete from public.garden_items;
delete from public.gardens;
delete from public.questions where source = 'seed';

-- ══════════════════════════════════════════════════════════════
-- QUESTIONS
-- ══════════════════════════════════════════════════════════════
insert into public.questions (text, vibe, difficulty, fine_print, source, status, owner_id) values ('Did you feel at peace today?', 'peace', 2, NULL, 'seed', 'published', NULL);
insert into public.questions (text, vibe, difficulty, fine_print, source, status, owner_id) values ('Are you proud of who you''re becoming?', 'becoming', 3, NULL, 'seed', 'published', NULL);
insert into public.questions (text, vibe, difficulty, fine_print, source, status, owner_id) values ('Did you listen to your intuition recently?', 'intuition', 2, NULL, 'seed', 'published', NULL);
insert into public.questions (text, vibe, difficulty, fine_print, source, status, owner_id) values ('Is there something you need to forgive yourself for?', 'forgiveness', 3, NULL, 'seed', 'published', NULL);
insert into public.questions (text, vibe, difficulty, fine_print, source, status, owner_id) values ('Are you being honest with yourself?', 'honesty', 3, NULL, 'seed', 'published', NULL);
insert into public.questions (text, vibe, difficulty, fine_print, source, status, owner_id) values ('Did you make time for silence today?', 'stillness', 1, NULL, 'seed', 'published', NULL);
insert into public.questions (text, vibe, difficulty, fine_print, source, status, owner_id) values ('Are you holding onto something you should let go?', 'letting_go', 3, NULL, 'seed', 'published', NULL);
insert into public.questions (text, vibe, difficulty, fine_print, source, status, owner_id) values ('Did you feel grateful for something small?', 'gratitude', 1, NULL, 'seed', 'published', NULL);
insert into public.questions (text, vibe, difficulty, fine_print, source, status, owner_id) values ('Are you where you thought you''d be at this point in life?', 'perspective', 3, NULL, 'seed', 'published', NULL);
insert into public.questions (text, vibe, difficulty, fine_print, source, status, owner_id) values ('Did you choose kindness over being right?', 'kindness', 2, NULL, 'seed', 'published', NULL);
insert into public.questions (text, vibe, difficulty, fine_print, source, status, owner_id) values ('Is your heart lighter than it was yesterday?', 'emotion', 2, NULL, 'seed', 'published', NULL);
insert into public.questions (text, vibe, difficulty, fine_print, source, status, owner_id) values ('Did you do something that scared you?', 'fear', 2, NULL, 'seed', 'published', NULL);
insert into public.questions (text, vibe, difficulty, fine_print, source, status, owner_id) values ('Have you been avoiding a truth about yourself?', 'truth', 3, NULL, 'seed', 'published', NULL);
insert into public.questions (text, vibe, difficulty, fine_print, source, status, owner_id) values ('Did you spend time with your thoughts today?', 'solitude', 2, NULL, 'seed', 'published', NULL);
insert into public.questions (text, vibe, difficulty, fine_print, source, status, owner_id) values ('Are you living with intention?', 'intention', 3, NULL, 'seed', 'published', NULL);
insert into public.questions (text, vibe, difficulty, fine_print, source, status, owner_id) values ('Have you outgrown a version of yourself recently?', 'growth', 3, NULL, 'seed', 'published', NULL);
insert into public.questions (text, vibe, difficulty, fine_print, source, status, owner_id) values ('Did you notice something beautiful that others missed?', 'beauty', 1, NULL, 'seed', 'published', NULL);
insert into public.questions (text, vibe, difficulty, fine_print, source, status, owner_id) values ('Are you carrying a burden that isn''t yours to carry?', 'boundaries', 3, NULL, 'seed', 'published', NULL);
insert into public.questions (text, vibe, difficulty, fine_print, source, status, owner_id) values ('Did you honor a boundary today?', 'boundaries', 2, NULL, 'seed', 'published', NULL);
insert into public.questions (text, vibe, difficulty, fine_print, source, status, owner_id) values ('Have you been gentle with yourself lately?', 'gentleness', 2, NULL, 'seed', 'published', NULL);
insert into public.questions (text, vibe, difficulty, fine_print, source, status, owner_id) values ('Is there a wound you keep reopening?', 'wounds', 3, NULL, 'seed', 'published', NULL);
insert into public.questions (text, vibe, difficulty, fine_print, source, status, owner_id) values ('Did you feel truly seen by someone today?', 'connection', 2, NULL, 'seed', 'published', NULL);
insert into public.questions (text, vibe, difficulty, fine_print, source, status, owner_id) values ('Are you becoming more yourself or less?', 'becoming', 3, NULL, 'seed', 'published', NULL);
insert into public.questions (text, vibe, difficulty, fine_print, source, status, owner_id) values ('Have you sat with an uncomfortable emotion recently?', 'discomfort', 3, NULL, 'seed', 'published', NULL);
insert into public.questions (text, vibe, difficulty, fine_print, source, status, owner_id) values ('Did you give yourself permission to feel today?', 'permission', 2, NULL, 'seed', 'published', NULL);
insert into public.questions (text, vibe, difficulty, fine_print, source, status, owner_id) values ('Did you laugh out loud today?', 'humor', 1, NULL, 'seed', 'published', NULL);
insert into public.questions (text, vibe, difficulty, fine_print, source, status, owner_id) values ('Have you danced when nobody was watching?', 'spontaneous', 1, NULL, 'seed', 'published', NULL);
insert into public.questions (text, vibe, difficulty, fine_print, source, status, owner_id) values ('Did you eat something delicious?', 'delight', 1, NULL, 'seed', 'published', NULL);
insert into public.questions (text, vibe, difficulty, fine_print, source, status, owner_id) values ('Have you taken a really good nap recently?', 'comfort', 1, NULL, 'seed', 'published', NULL);
insert into public.questions (text, vibe, difficulty, fine_print, source, status, owner_id) values ('Did you sing in the shower?', 'playful', 1, NULL, 'seed', 'published', NULL);
insert into public.questions (text, vibe, difficulty, fine_print, source, status, owner_id) values ('Have you worn your favorite outfit this week?', 'joy', 1, NULL, 'seed', 'published', NULL);
insert into public.questions (text, vibe, difficulty, fine_print, source, status, owner_id) values ('Did you pet a dog or cat today?', 'warmth', 1, NULL, 'seed', 'published', NULL);
insert into public.questions (text, vibe, difficulty, fine_print, source, status, owner_id) values ('Have you watched the clouds go by?', 'peace', 1, NULL, 'seed', 'published', NULL);
insert into public.questions (text, vibe, difficulty, fine_print, source, status, owner_id) values ('Did you treat yourself to something nice?', 'indulgence', 1, NULL, 'seed', 'published', NULL);
insert into public.questions (text, vibe, difficulty, fine_print, source, status, owner_id) values ('Have you stayed in pajamas all day (unapologetically)?', 'carefree', 1, NULL, 'seed', 'published', NULL);
insert into public.questions (text, vibe, difficulty, fine_print, source, status, owner_id) values ('Did you take a photo of something beautiful?', 'beauty', 1, NULL, 'seed', 'published', NULL);
insert into public.questions (text, vibe, difficulty, fine_print, source, status, owner_id) values ('Have you had breakfast for dinner?', 'playful', 1, NULL, 'seed', 'published', NULL);
insert into public.questions (text, vibe, difficulty, fine_print, source, status, owner_id) values ('Did you try a new food recently?', 'curiosity', 1, NULL, 'seed', 'published', NULL);
insert into public.questions (text, vibe, difficulty, fine_print, source, status, owner_id) values ('Have you done something silly today?', 'silly', 1, NULL, 'seed', 'published', NULL);
insert into public.questions (text, vibe, difficulty, fine_print, source, status, owner_id) values ('Did you say something that made yourself laugh?', 'humor', 1, NULL, 'seed', 'published', NULL);
insert into public.questions (text, vibe, difficulty, fine_print, source, status, owner_id) values ('Have you splashed in a puddle as an adult?', 'whimsy', 1, NULL, 'seed', 'published', NULL);
insert into public.questions (text, vibe, difficulty, fine_print, source, status, owner_id) values ('Did you make a wish on something today?', 'whimsy', 1, NULL, 'seed', 'published', NULL);
insert into public.questions (text, vibe, difficulty, fine_print, source, status, owner_id) values ('Have you worn mismatched socks on purpose?', 'silly', 1, NULL, 'seed', 'published', NULL);
insert into public.questions (text, vibe, difficulty, fine_print, source, status, owner_id) values ('Did you doodle or draw something just for fun?', 'creation', 1, NULL, 'seed', 'published', NULL);
insert into public.questions (text, vibe, difficulty, fine_print, source, status, owner_id) values ('Have you had an entire conversation with a pet?', 'playful', 1, NULL, 'seed', 'published', NULL);
insert into public.questions (text, vibe, difficulty, fine_print, source, status, owner_id) values ('Did you eat dessert first?', 'spontaneous', 1, NULL, 'seed', 'published', NULL);
insert into public.questions (text, vibe, difficulty, fine_print, source, status, owner_id) values ('Have you made a blanket fort as an adult?', 'whimsy', 1, NULL, 'seed', 'published', NULL);
insert into public.questions (text, vibe, difficulty, fine_print, source, status, owner_id) values ('Did you wave at a baby today?', 'warmth', 1, NULL, 'seed', 'published', NULL);
insert into public.questions (text, vibe, difficulty, fine_print, source, status, owner_id) values ('Have you used a silly voice for no reason?', 'silly', 1, NULL, 'seed', 'published', NULL);
insert into public.questions (text, vibe, difficulty, fine_print, source, status, owner_id) values ('Did you find money in an old pocket?', 'delight', 1, NULL, 'seed', 'published', NULL);
insert into public.questions (text, vibe, difficulty, fine_print, source, status, owner_id) values ('Did you tell someone you appreciate them?', 'appreciation', 2, NULL, 'seed', 'published', NULL);
insert into public.questions (text, vibe, difficulty, fine_print, source, status, owner_id) values ('Have you called a friend just to chat?', 'friendship', 1, NULL, 'seed', 'published', NULL);
insert into public.questions (text, vibe, difficulty, fine_print, source, status, owner_id) values ('Did you make someone smile today?', 'warmth', 1, NULL, 'seed', 'published', NULL);
insert into public.questions (text, vibe, difficulty, fine_print, source, status, owner_id) values ('Have you hugged someone you love?', 'love', 1, NULL, 'seed', 'published', NULL);
insert into public.questions (text, vibe, difficulty, fine_print, source, status, owner_id) values ('Did you really listen when someone talked to you?', 'listening', 2, NULL, 'seed', 'published', NULL);
insert into public.questions (text, vibe, difficulty, fine_print, source, status, owner_id) values ('Have you reconnected with an old friend?', 'friendship', 2, NULL, 'seed', 'published', NULL);
insert into public.questions (text, vibe, difficulty, fine_print, source, status, owner_id) values ('Did you ask someone how they''re really doing?', 'empathy', 2, NULL, 'seed', 'published', NULL);
insert into public.questions (text, vibe, difficulty, fine_print, source, status, owner_id) values ('Have you shared a meal with someone?', 'connection', 1, NULL, 'seed', 'published', NULL);
insert into public.questions (text, vibe, difficulty, fine_print, source, status, owner_id) values ('Did you compliment a stranger?', 'generosity', 2, NULL, 'seed', 'published', NULL);
insert into public.questions (text, vibe, difficulty, fine_print, source, status, owner_id) values ('Have you sent a thinking-of-you text?', 'friendship', 1, NULL, 'seed', 'published', NULL);
insert into public.questions (text, vibe, difficulty, fine_print, source, status, owner_id) values ('Did you forgive someone today?', 'forgiveness', 3, NULL, 'seed', 'published', NULL);
insert into public.questions (text, vibe, difficulty, fine_print, source, status, owner_id) values ('Have you made plans to see someone you miss?', 'connection', 2, NULL, 'seed', 'published', NULL);
insert into public.questions (text, vibe, difficulty, fine_print, source, status, owner_id) values ('Did you let someone help you today?', 'vulnerability', 2, NULL, 'seed', 'published', NULL);
insert into public.questions (text, vibe, difficulty, fine_print, source, status, owner_id) values ('Have you told someone they inspire you?', 'appreciation', 2, NULL, 'seed', 'published', NULL);
insert into public.questions (text, vibe, difficulty, fine_print, source, status, owner_id) values ('Did you hold space for someone''s feelings?', 'listening', 3, NULL, 'seed', 'published', NULL);
insert into public.questions (text, vibe, difficulty, fine_print, source, status, owner_id) values ('Have you said sorry when you were wrong?', 'honesty', 3, NULL, 'seed', 'published', NULL);
insert into public.questions (text, vibe, difficulty, fine_print, source, status, owner_id) values ('Did you celebrate someone else''s win today?', 'celebration', 1, NULL, 'seed', 'published', NULL);
insert into public.questions (text, vibe, difficulty, fine_print, source, status, owner_id) values ('Have you had a deep conversation recently?', 'vulnerability', 2, NULL, 'seed', 'published', NULL);
insert into public.questions (text, vibe, difficulty, fine_print, source, status, owner_id) values ('Did you introduce two people who should know each other?', 'generosity', 2, NULL, 'seed', 'published', NULL);
insert into public.questions (text, vibe, difficulty, fine_print, source, status, owner_id) values ('Have you checked in on someone who went quiet?', 'empathy', 2, NULL, 'seed', 'published', NULL);
insert into public.questions (text, vibe, difficulty, fine_print, source, status, owner_id) values ('Did you let someone go first today?', 'kindness', 1, NULL, 'seed', 'published', NULL);
insert into public.questions (text, vibe, difficulty, fine_print, source, status, owner_id) values ('Have you thanked someone who''s always there?', 'gratitude', 2, NULL, 'seed', 'published', NULL);
insert into public.questions (text, vibe, difficulty, fine_print, source, status, owner_id) values ('Did you share something vulnerable with someone?', 'vulnerability', 3, NULL, 'seed', 'published', NULL);
insert into public.questions (text, vibe, difficulty, fine_print, source, status, owner_id) values ('Have you laughed with someone until it hurt?', 'joy', 1, NULL, 'seed', 'published', NULL);
insert into public.questions (text, vibe, difficulty, fine_print, source, status, owner_id) values ('Did you put your phone away during a conversation?', 'presence', 2, NULL, 'seed', 'published', NULL);
insert into public.questions (text, vibe, difficulty, fine_print, source, status, owner_id) values ('Have you watched a movie that made you cry?', 'resonance', 1, NULL, 'seed', 'published', NULL);
insert into public.questions (text, vibe, difficulty, fine_print, source, status, owner_id) values ('Do you know all the words to a Taylor Swift song?', 'fandom', 1, NULL, 'seed', 'published', NULL);
insert into public.questions (text, vibe, difficulty, fine_print, source, status, owner_id) values ('Have you binged an entire series in one sitting?', 'immersion', 1, NULL, 'seed', 'published', NULL);
insert into public.questions (text, vibe, difficulty, fine_print, source, status, owner_id) values ('Did you get emotionally attached to a fictional character?', 'resonance', 1, NULL, 'seed', 'published', NULL);
insert into public.questions (text, vibe, difficulty, fine_print, source, status, owner_id) values ('Have you ever dressed up for a movie premiere?', 'fandom', 1, NULL, 'seed', 'published', NULL);
insert into public.questions (text, vibe, difficulty, fine_print, source, status, owner_id) values ('Do you have a celebrity crush?', 'playful', 1, NULL, 'seed', 'published', NULL);
insert into public.questions (text, vibe, difficulty, fine_print, source, status, owner_id) values ('Have you cried during an animated movie?', 'resonance', 1, NULL, 'seed', 'published', NULL);
insert into public.questions (text, vibe, difficulty, fine_print, source, status, owner_id) values ('Did you rewatch a comfort show recently?', 'comfort', 1, NULL, 'seed', 'published', NULL);
insert into public.questions (text, vibe, difficulty, fine_print, source, status, owner_id) values ('Have you listened to a song on repeat for hours?', 'immersion', 1, NULL, 'seed', 'published', NULL);
insert into public.questions (text, vibe, difficulty, fine_print, source, status, owner_id) values ('Do you know more about a fictional universe than real history?', 'escapism', 1, NULL, 'seed', 'published', NULL);
insert into public.questions (text, vibe, difficulty, fine_print, source, status, owner_id) values ('Have you quoted a movie in a real conversation?', 'humor', 1, NULL, 'seed', 'published', NULL);
insert into public.questions (text, vibe, difficulty, fine_print, source, status, owner_id) values ('Did you discover a new artist you love?', 'passion', 1, NULL, 'seed', 'published', NULL);
insert into public.questions (text, vibe, difficulty, fine_print, source, status, owner_id) values ('Have you had a song stuck in your head all day?', 'immersion', 1, NULL, 'seed', 'published', NULL);
insert into public.questions (text, vibe, difficulty, fine_print, source, status, owner_id) values ('Did a TV show change your perspective on something?', 'resonance', 2, NULL, 'seed', 'published', NULL);
insert into public.questions (text, vibe, difficulty, fine_print, source, status, owner_id) values ('Have you stayed up too late finishing a book?', 'passion', 1, NULL, 'seed', 'published', NULL);
insert into public.questions (text, vibe, difficulty, fine_print, source, status, owner_id) values ('Do you have a comfort movie you''ve seen 10+ times?', 'comfort', 1, NULL, 'seed', 'published', NULL);
insert into public.questions (text, vibe, difficulty, fine_print, source, status, owner_id) values ('Have you cried at a song in public?', 'vulnerability', 1, NULL, 'seed', 'published', NULL);
insert into public.questions (text, vibe, difficulty, fine_print, source, status, owner_id) values ('Did you learn something real from a fictional story?', 'curiosity', 2, NULL, 'seed', 'published', NULL);
insert into public.questions (text, vibe, difficulty, fine_print, source, status, owner_id) values ('Have you recommended a show to everyone you know?', 'passion', 1, NULL, 'seed', 'published', NULL);
insert into public.questions (text, vibe, difficulty, fine_print, source, status, owner_id) values ('Do you have a playlist for your current mood?', 'expression', 1, NULL, 'seed', 'published', NULL);
insert into public.questions (text, vibe, difficulty, fine_print, source, status, owner_id) values ('Have you cosplayed or wanted to?', 'fandom', 1, NULL, 'seed', 'published', NULL);
insert into public.questions (text, vibe, difficulty, fine_print, source, status, owner_id) values ('Did a podcast make you rethink something?', 'curiosity', 2, NULL, 'seed', 'published', NULL);
insert into public.questions (text, vibe, difficulty, fine_print, source, status, owner_id) values ('Have you felt understood by a song lyric?', 'resonance', 1, NULL, 'seed', 'published', NULL);
insert into public.questions (text, vibe, difficulty, fine_print, source, status, owner_id) values ('Do you judge a person by their taste in music?', 'taste', 1, NULL, 'seed', 'published', NULL);
insert into public.questions (text, vibe, difficulty, fine_print, source, status, owner_id) values ('Have you written fan fiction or wanted to?', 'creation', 1, NULL, 'seed', 'published', NULL);
insert into public.questions (text, vibe, difficulty, fine_print, source, status, owner_id) values ('Can you name all the planets in order?', 'knowledge', 2, NULL, 'seed', 'published', NULL);
insert into public.questions (text, vibe, difficulty, fine_print, source, status, owner_id) values ('Do you know your blood type?', 'knowledge', 1, NULL, 'seed', 'published', NULL);
insert into public.questions (text, vibe, difficulty, fine_print, source, status, owner_id) values ('Have you ever seen a shooting star?', 'wonder', 1, NULL, 'seed', 'published', NULL);
insert into public.questions (text, vibe, difficulty, fine_print, source, status, owner_id) values ('Can you fold a paper crane?', 'skill', 2, NULL, 'seed', 'published', NULL);
insert into public.questions (text, vibe, difficulty, fine_print, source, status, owner_id) values ('Do you know how to read a map without GPS?', 'resourcefulness', 2, NULL, 'seed', 'published', NULL);
insert into public.questions (text, vibe, difficulty, fine_print, source, status, owner_id) values ('Have you ever grown something from a seed?', 'patience', 1, NULL, 'seed', 'published', NULL);
insert into public.questions (text, vibe, difficulty, fine_print, source, status, owner_id) values ('Can you name a constellation in the night sky?', 'knowledge', 2, NULL, 'seed', 'published', NULL);
insert into public.questions (text, vibe, difficulty, fine_print, source, status, owner_id) values ('Do you remember your childhood phone number?', 'memory', 2, NULL, 'seed', 'published', NULL);
insert into public.questions (text, vibe, difficulty, fine_print, source, status, owner_id) values ('Have you ever been to a different continent?', 'adventure', 1, NULL, 'seed', 'published', NULL);
insert into public.questions (text, vibe, difficulty, fine_print, source, status, owner_id) values ('Can you cook a meal without a recipe?', 'resourcefulness', 1, NULL, 'seed', 'published', NULL);
insert into public.questions (text, vibe, difficulty, fine_print, source, status, owner_id) values ('Do you know the capital of Australia?', 'knowledge', 2, NULL, 'seed', 'published', NULL);
insert into public.questions (text, vibe, difficulty, fine_print, source, status, owner_id) values ('Have you ever written a letter by hand?', 'craft', 1, NULL, 'seed', 'published', NULL);
insert into public.questions (text, vibe, difficulty, fine_print, source, status, owner_id) values ('Can you name five countries that start with ''M''?', 'knowledge', 2, NULL, 'seed', 'published', NULL);
insert into public.questions (text, vibe, difficulty, fine_print, source, status, owner_id) values ('Do you know what your name means?', 'identity', 1, NULL, 'seed', 'published', NULL);
insert into public.questions (text, vibe, difficulty, fine_print, source, status, owner_id) values ('Have you ever been awake for more than 24 hours?', 'grit', 1, NULL, 'seed', 'published', NULL);
insert into public.questions (text, vibe, difficulty, fine_print, source, status, owner_id) values ('Can you ride a bicycle with no hands?', 'skill', 2, NULL, 'seed', 'published', NULL);
insert into public.questions (text, vibe, difficulty, fine_print, source, status, owner_id) values ('Do you know how to change a tire?', 'resourcefulness', 2, NULL, 'seed', 'published', NULL);
insert into public.questions (text, vibe, difficulty, fine_print, source, status, owner_id) values ('Have you ever seen the Northern Lights?', 'wonder', 1, NULL, 'seed', 'published', NULL);
insert into public.questions (text, vibe, difficulty, fine_print, source, status, owner_id) values ('Can you whistle a full melody?', 'skill', 1, NULL, 'seed', 'published', NULL);
insert into public.questions (text, vibe, difficulty, fine_print, source, status, owner_id) values ('Do you know how to swim?', 'skill', 1, NULL, 'seed', 'published', NULL);
insert into public.questions (text, vibe, difficulty, fine_print, source, status, owner_id) values ('Have you ever caught a fish?', 'adventure', 1, NULL, 'seed', 'published', NULL);
insert into public.questions (text, vibe, difficulty, fine_print, source, status, owner_id) values ('Can you do mental math faster than your phone?', 'skill', 2, NULL, 'seed', 'published', NULL);
insert into public.questions (text, vibe, difficulty, fine_print, source, status, owner_id) values ('Do you know your Wi-Fi password by heart?', 'memory', 1, NULL, 'seed', 'published', NULL);
insert into public.questions (text, vibe, difficulty, fine_print, source, status, owner_id) values ('Have you ever built something with your hands?', 'craft', 1, NULL, 'seed', 'published', NULL);
insert into public.questions (text, vibe, difficulty, fine_print, source, status, owner_id) values ('Can you type without looking at the keyboard?', 'skill', 1, NULL, 'seed', 'published', NULL);
insert into public.questions (text, vibe, difficulty, fine_print, source, status, owner_id) values ('Did you drink enough water today?', 'health', 1, NULL, 'seed', 'published', NULL);
insert into public.questions (text, vibe, difficulty, fine_print, source, status, owner_id) values ('Have you stretched your body?', 'health', 1, NULL, 'seed', 'published', NULL);
insert into public.questions (text, vibe, difficulty, fine_print, source, status, owner_id) values ('Did you get some fresh air?', 'nature', 1, NULL, 'seed', 'published', NULL);
insert into public.questions (text, vibe, difficulty, fine_print, source, status, owner_id) values ('Have you taken a deep breath on purpose?', 'mindfulness', 1, NULL, 'seed', 'published', NULL);
insert into public.questions (text, vibe, difficulty, fine_print, source, status, owner_id) values ('Did you put your phone down for an hour?', 'balance', 2, NULL, 'seed', 'published', NULL);
insert into public.questions (text, vibe, difficulty, fine_print, source, status, owner_id) values ('Have you done something just for yourself?', 'selfcare', 2, NULL, 'seed', 'published', NULL);
insert into public.questions (text, vibe, difficulty, fine_print, source, status, owner_id) values ('Did you go to bed at a reasonable time?', 'discipline', 2, NULL, 'seed', 'published', NULL);
insert into public.questions (text, vibe, difficulty, fine_print, source, status, owner_id) values ('Have you moved your body today?', 'health', 1, NULL, 'seed', 'published', NULL);
insert into public.questions (text, vibe, difficulty, fine_print, source, status, owner_id) values ('Did you eat a vegetable?', 'nourishment', 1, NULL, 'seed', 'published', NULL);
insert into public.questions (text, vibe, difficulty, fine_print, source, status, owner_id) values ('Have you looked up from your screen at the sky?', 'nature', 1, NULL, 'seed', 'published', NULL);
insert into public.questions (text, vibe, difficulty, fine_print, source, status, owner_id) values ('Did you wake up feeling rested?', 'rest', 1, NULL, 'seed', 'published', NULL);
insert into public.questions (text, vibe, difficulty, fine_print, source, status, owner_id) values ('Have you taken a walk outside today?', 'nature', 1, NULL, 'seed', 'published', NULL);
insert into public.questions (text, vibe, difficulty, fine_print, source, status, owner_id) values ('Did you eat a home-cooked meal?', 'nourishment', 1, NULL, 'seed', 'published', NULL);
insert into public.questions (text, vibe, difficulty, fine_print, source, status, owner_id) values ('Have you said no to something that drains you?', 'boundaries', 2, NULL, 'seed', 'published', NULL);
insert into public.questions (text, vibe, difficulty, fine_print, source, status, owner_id) values ('Did you spend less than an hour on social media?', 'balance', 2, NULL, 'seed', 'published', NULL);
insert into public.questions (text, vibe, difficulty, fine_print, source, status, owner_id) values ('Have you cleaned or organized a space today?', 'discipline', 1, NULL, 'seed', 'published', NULL);
insert into public.questions (text, vibe, difficulty, fine_print, source, status, owner_id) values ('Did you take your medication or vitamins?', 'health', 1, NULL, 'seed', 'published', NULL);
insert into public.questions (text, vibe, difficulty, fine_print, source, status, owner_id) values ('Have you listened to your body''s signals?', 'mindfulness', 2, NULL, 'seed', 'published', NULL);
insert into public.questions (text, vibe, difficulty, fine_print, source, status, owner_id) values ('Did you do something that made you feel strong?', 'strength', 2, NULL, 'seed', 'published', NULL);
insert into public.questions (text, vibe, difficulty, fine_print, source, status, owner_id) values ('Have you journaled or reflected in writing?', 'reflection', 2, NULL, 'seed', 'published', NULL);
insert into public.questions (text, vibe, difficulty, fine_print, source, status, owner_id) values ('Did you avoid comparing yourself to others today?', 'honesty', 3, NULL, 'seed', 'published', NULL);
insert into public.questions (text, vibe, difficulty, fine_print, source, status, owner_id) values ('Have you created something today?', 'creation', 2, NULL, 'seed', 'published', NULL);
insert into public.questions (text, vibe, difficulty, fine_print, source, status, owner_id) values ('Did you rest without guilt?', 'rest', 2, NULL, 'seed', 'published', NULL);
insert into public.questions (text, vibe, difficulty, fine_print, source, status, owner_id) values ('Have you spent time in nature this week?', 'nature', 1, NULL, 'seed', 'published', NULL);
insert into public.questions (text, vibe, difficulty, fine_print, source, status, owner_id) values ('Did you set a healthy boundary today?', 'boundaries', 3, NULL, 'seed', 'published', NULL);
insert into public.questions (text, vibe, difficulty, fine_print, source, status, owner_id) values ('Did you have a vivid dream last night?', 'dreams', 1, NULL, 'seed', 'published', NULL);
insert into public.questions (text, vibe, difficulty, fine_print, source, status, owner_id) values ('Have you written something creative recently?', 'creation', 2, NULL, 'seed', 'published', NULL);
insert into public.questions (text, vibe, difficulty, fine_print, source, status, owner_id) values ('Did you make something with your hands today?', 'craft', 2, NULL, 'seed', 'published', NULL);
insert into public.questions (text, vibe, difficulty, fine_print, source, status, owner_id) values ('Have you had a new idea that excited you?', 'inspiration', 1, NULL, 'seed', 'published', NULL);
insert into public.questions (text, vibe, difficulty, fine_print, source, status, owner_id) values ('Did you daydream today?', 'imagination', 1, NULL, 'seed', 'published', NULL);
insert into public.questions (text, vibe, difficulty, fine_print, source, status, owner_id) values ('Have you tried a new creative medium?', 'experimentation', 2, NULL, 'seed', 'published', NULL);
insert into public.questions (text, vibe, difficulty, fine_print, source, status, owner_id) values ('Did you take a photo that tells a story?', 'expression', 2, NULL, 'seed', 'published', NULL);
insert into public.questions (text, vibe, difficulty, fine_print, source, status, owner_id) values ('Have you been inspired by something unexpected?', 'inspiration', 1, NULL, 'seed', 'published', NULL);
insert into public.questions (text, vibe, difficulty, fine_print, source, status, owner_id) values ('Did you solve a problem in a creative way?', 'resourcefulness', 2, NULL, 'seed', 'published', NULL);
insert into public.questions (text, vibe, difficulty, fine_print, source, status, owner_id) values ('Have you shared your creative work with someone?', 'vulnerability', 3, NULL, 'seed', 'published', NULL);
insert into public.questions (text, vibe, difficulty, fine_print, source, status, owner_id) values ('Did you play music or make a sound today?', 'expression', 1, NULL, 'seed', 'published', NULL);
insert into public.questions (text, vibe, difficulty, fine_print, source, status, owner_id) values ('Have you reimagined something ordinary?', 'imagination', 2, NULL, 'seed', 'published', NULL);
insert into public.questions (text, vibe, difficulty, fine_print, source, status, owner_id) values ('Did you let yourself be a beginner at something?', 'humility', 2, NULL, 'seed', 'published', NULL);
insert into public.questions (text, vibe, difficulty, fine_print, source, status, owner_id) values ('Have you written down a dream or idea?', 'dreams', 1, NULL, 'seed', 'published', NULL);
insert into public.questions (text, vibe, difficulty, fine_print, source, status, owner_id) values ('Did you color, paint, or sketch today?', 'creation', 1, NULL, 'seed', 'published', NULL);
insert into public.questions (text, vibe, difficulty, fine_print, source, status, owner_id) values ('Have you arranged something beautifully?', 'beauty', 1, NULL, 'seed', 'published', NULL);
insert into public.questions (text, vibe, difficulty, fine_print, source, status, owner_id) values ('Did you make up a story or scenario?', 'imagination', 1, NULL, 'seed', 'published', NULL);
insert into public.questions (text, vibe, difficulty, fine_print, source, status, owner_id) values ('Have you experimented in the kitchen?', 'experimentation', 1, NULL, 'seed', 'published', NULL);
insert into public.questions (text, vibe, difficulty, fine_print, source, status, owner_id) values ('Did you see art that moved you?', 'resonance', 1, NULL, 'seed', 'published', NULL);
insert into public.questions (text, vibe, difficulty, fine_print, source, status, owner_id) values ('Have you imagined your ideal day in detail?', 'dreams', 2, NULL, 'seed', 'published', NULL);
insert into public.questions (text, vibe, difficulty, fine_print, source, status, owner_id) values ('Did you express yourself in a new way?', 'expression', 2, NULL, 'seed', 'published', NULL);
insert into public.questions (text, vibe, difficulty, fine_print, source, status, owner_id) values ('Have you built or fixed something recently?', 'craft', 2, NULL, 'seed', 'published', NULL);
insert into public.questions (text, vibe, difficulty, fine_print, source, status, owner_id) values ('Did you find beauty in something broken?', 'wonder', 2, NULL, 'seed', 'published', NULL);
insert into public.questions (text, vibe, difficulty, fine_print, source, status, owner_id) values ('Have you thought about what you''d create with unlimited time?', 'imagination', 2, NULL, 'seed', 'published', NULL);
insert into public.questions (text, vibe, difficulty, fine_print, source, status, owner_id) values ('Did creativity bring you joy today?', 'joy', 1, NULL, 'seed', 'published', NULL);
insert into public.questions (text, vibe, difficulty, fine_print, source, status, owner_id) values ('Did you learn something new today?', 'learning', 1, NULL, 'seed', 'published', NULL);
insert into public.questions (text, vibe, difficulty, fine_print, source, status, owner_id) values ('Have you taken a step toward a goal this week?', 'ambition', 2, NULL, 'seed', 'published', NULL);
insert into public.questions (text, vibe, difficulty, fine_print, source, status, owner_id) values ('Did you step outside your comfort zone?', 'fear', 2, NULL, 'seed', 'published', NULL);
insert into public.questions (text, vibe, difficulty, fine_print, source, status, owner_id) values ('Have you asked for feedback recently?', 'feedback', 2, NULL, 'seed', 'published', NULL);
insert into public.questions (text, vibe, difficulty, fine_print, source, status, owner_id) values ('Did you fail at something and try again?', 'grit', 3, NULL, 'seed', 'published', NULL);
insert into public.questions (text, vibe, difficulty, fine_print, source, status, owner_id) values ('Have you read something that challenged your thinking?', 'curiosity', 2, NULL, 'seed', 'published', NULL);
insert into public.questions (text, vibe, difficulty, fine_print, source, status, owner_id) values ('Did you practice a skill you''re developing?', 'discipline', 2, NULL, 'seed', 'published', NULL);
insert into public.questions (text, vibe, difficulty, fine_print, source, status, owner_id) values ('Have you invested in your future self?', 'ambition', 2, NULL, 'seed', 'published', NULL);
insert into public.questions (text, vibe, difficulty, fine_print, source, status, owner_id) values ('Did you have a productive day?', 'discipline', 1, NULL, 'seed', 'published', NULL);
insert into public.questions (text, vibe, difficulty, fine_print, source, status, owner_id) values ('Have you mentored or taught someone?', 'generosity', 2, NULL, 'seed', 'published', NULL);
insert into public.questions (text, vibe, difficulty, fine_print, source, status, owner_id) values ('Did you start something you''ve been putting off?', 'grit', 3, NULL, 'seed', 'published', NULL);
insert into public.questions (text, vibe, difficulty, fine_print, source, status, owner_id) values ('Have you celebrated a small win?', 'gratitude', 1, NULL, 'seed', 'published', NULL);
insert into public.questions (text, vibe, difficulty, fine_print, source, status, owner_id) values ('Did you choose progress over perfection?', 'progress', 2, NULL, 'seed', 'published', NULL);
insert into public.questions (text, vibe, difficulty, fine_print, source, status, owner_id) values ('Have you written down your goals?', 'intention', 2, NULL, 'seed', 'published', NULL);
insert into public.questions (text, vibe, difficulty, fine_print, source, status, owner_id) values ('Did you resist the urge to quit something hard?', 'persistence', 3, NULL, 'seed', 'published', NULL);
insert into public.questions (text, vibe, difficulty, fine_print, source, status, owner_id) values ('Have you changed your mind about something important?', 'honesty', 3, NULL, 'seed', 'published', NULL);
insert into public.questions (text, vibe, difficulty, fine_print, source, status, owner_id) values ('Did you prioritize what matters over what''s urgent?', 'priority', 2, NULL, 'seed', 'published', NULL);
insert into public.questions (text, vibe, difficulty, fine_print, source, status, owner_id) values ('Have you sought out a new perspective?', 'curiosity', 2, NULL, 'seed', 'published', NULL);
insert into public.questions (text, vibe, difficulty, fine_print, source, status, owner_id) values ('Did you show up for yourself today?', 'discipline', 2, NULL, 'seed', 'published', NULL);
insert into public.questions (text, vibe, difficulty, fine_print, source, status, owner_id) values ('Have you been patient with your own progress?', 'patience', 2, NULL, 'seed', 'published', NULL);
insert into public.questions (text, vibe, difficulty, fine_print, source, status, owner_id) values ('Did you make a decision you''d been avoiding?', 'decision', 3, NULL, 'seed', 'published', NULL);
insert into public.questions (text, vibe, difficulty, fine_print, source, status, owner_id) values ('Have you thought about your purpose lately?', 'purpose', 3, NULL, 'seed', 'published', NULL);
insert into public.questions (text, vibe, difficulty, fine_print, source, status, owner_id) values ('Did you do the hard thing instead of the easy thing?', 'grit', 3, NULL, 'seed', 'published', NULL);
insert into public.questions (text, vibe, difficulty, fine_print, source, status, owner_id) values ('Have you acknowledged how far you''ve come?', 'gratitude', 2, NULL, 'seed', 'published', NULL);
insert into public.questions (text, vibe, difficulty, fine_print, source, status, owner_id) values ('Did you invest time in something meaningful today?', 'purpose', 2, NULL, 'seed', 'published', NULL);

-- ══════════════════════════════════════════════════════════════
-- GARDENS
-- ══════════════════════════════════════════════════════════════
insert into public.gardens (id, name, description, icon, color, seed_cost, tier, status, sort) values ('shadows', 'Shadows', 'The parts of yourself you avoid', '🌑', '#4A5568', 300, 3, 'published', 0);
insert into public.gardens (id, name, description, icon, color, seed_cost, tier, status, sort) values ('mirrors', 'Mirrors', 'Honest reflections on who you are', '🪞', '#718096', 200, 2, 'published', 1);
insert into public.gardens (id, name, description, icon, color, seed_cost, tier, status, sort) values ('crossroads', 'Crossroads', 'Life decisions and regrets', '⚖️', '#9F7AEA', 250, 2, 'published', 2);
insert into public.gardens (id, name, description, icon, color, seed_cost, tier, status, sort) values ('roots', 'Roots', 'Family, origin, and belonging', '🌳', '#48BB78', 200, 2, 'published', 3);
insert into public.gardens (id, name, description, icon, color, seed_cost, tier, status, sort) values ('depths', 'Depths', 'Mortality, meaning, and existence', '🌊', '#4299E1', 400, 3, 'published', 4);
insert into public.gardens (id, name, description, icon, color, seed_cost, tier, status, sort) values ('embers', 'Embers', 'Love, desire, and intimacy', '🔥', '#E53E3E', 250, 2, 'published', 5);
insert into public.gardens (id, name, description, icon, color, seed_cost, tier, status, sort) values ('compass', 'Compass', 'Purpose, calling, and direction', '🧭', '#DD6B20', 300, 3, 'published', 6);
insert into public.gardens (id, name, description, icon, color, seed_cost, tier, status, sort) values ('still', 'Still', 'Solitude, silence, and inner peace', '🕊️', '#B794F4', 150, 1, 'published', 7);

-- ══════════════════════════════════════════════════════════════
-- GARDEN ITEMS
-- ══════════════════════════════════════════════════════════════
insert into public.garden_items (garden_id, position, content_type, text, attribution, vibe, difficulty) values ('shadows', 0, 'question', 'Are you running from something you should face?', NULL, 'shadow', 3);
insert into public.garden_items (garden_id, position, content_type, text, attribution, vibe, difficulty) values ('shadows', 1, 'quote', 'One does not become enlightened by imagining figures of light, but by making the darkness conscious.', 'Carl Jung', 'shadow', 1);
insert into public.garden_items (garden_id, position, content_type, text, attribution, vibe, difficulty) values ('shadows', 2, 'question', 'Do you judge others for traits you see in yourself?', NULL, 'honesty', 3);
insert into public.garden_items (garden_id, position, content_type, text, attribution, vibe, difficulty) values ('shadows', 3, 'question', 'Have you been lying to yourself about something important?', NULL, 'truth', 3);
insert into public.garden_items (garden_id, position, content_type, text, attribution, vibe, difficulty) values ('shadows', 4, 'vibe', 'Sit with the version of yourself you don''t show anyone.', NULL, 'shadow', 1);
insert into public.garden_items (garden_id, position, content_type, text, attribution, vibe, difficulty) values ('shadows', 5, 'question', 'Are you the villain in someone else''s story?', NULL, 'honesty', 3);
insert into public.garden_items (garden_id, position, content_type, text, attribution, vibe, difficulty) values ('shadows', 6, 'question', 'Do you self-sabotage when things are going well?', NULL, 'shadow', 3);
insert into public.garden_items (garden_id, position, content_type, text, attribution, vibe, difficulty) values ('shadows', 7, 'quote', 'The wound is the place where the light enters you.', 'Rumi', 'wounds', 1);
insert into public.garden_items (garden_id, position, content_type, text, attribution, vibe, difficulty) values ('shadows', 8, 'question', 'Do you secretly enjoy other people''s failures?', NULL, 'honesty', 3);
insert into public.garden_items (garden_id, position, content_type, text, attribution, vibe, difficulty) values ('shadows', 9, 'question', 'Are you pretending to be someone you''re not?', NULL, 'identity', 3);
insert into public.garden_items (garden_id, position, content_type, text, attribution, vibe, difficulty) values ('mirrors', 0, 'question', 'Would you want to be friends with yourself?', NULL, 'reflection', 2);
insert into public.garden_items (garden_id, position, content_type, text, attribution, vibe, difficulty) values ('mirrors', 1, 'question', 'Do people know the real you?', NULL, 'identity', 2);
insert into public.garden_items (garden_id, position, content_type, text, attribution, vibe, difficulty) values ('mirrors', 2, 'vibe', 'Look at yourself without any labels. Just you.', NULL, 'reflection', 1);
insert into public.garden_items (garden_id, position, content_type, text, attribution, vibe, difficulty) values ('mirrors', 3, 'question', 'If you met yourself, would you trust you?', NULL, 'trust', 2);
insert into public.garden_items (garden_id, position, content_type, text, attribution, vibe, difficulty) values ('mirrors', 4, 'question', 'Are your values actually reflected in your actions?', NULL, 'honesty', 3);
insert into public.garden_items (garden_id, position, content_type, text, attribution, vibe, difficulty) values ('mirrors', 5, 'quote', 'We don''t see things as they are, we see them as we are.', 'Anais Nin', 'reflection', 1);
insert into public.garden_items (garden_id, position, content_type, text, attribution, vibe, difficulty) values ('mirrors', 6, 'question', 'Are you the same person in private as in public?', NULL, 'honesty', 2);
insert into public.garden_items (garden_id, position, content_type, text, attribution, vibe, difficulty) values ('mirrors', 7, 'question', 'Would your younger self be disappointed in you?', NULL, 'reflection', 3);
insert into public.garden_items (garden_id, position, content_type, text, attribution, vibe, difficulty) values ('mirrors', 8, 'question', 'Are you kind when no one is watching?', NULL, 'kindness', 2);
insert into public.garden_items (garden_id, position, content_type, text, attribution, vibe, difficulty) values ('mirrors', 9, 'question', 'Do you take more than you give?', NULL, 'honesty', 2);
insert into public.garden_items (garden_id, position, content_type, text, attribution, vibe, difficulty) values ('crossroads', 0, 'question', 'Is there a decision you''ve been avoiding?', NULL, 'decision', 2);
insert into public.garden_items (garden_id, position, content_type, text, attribution, vibe, difficulty) values ('crossroads', 1, 'question', 'Are you staying somewhere out of fear, not love?', NULL, 'fear', 3);
insert into public.garden_items (garden_id, position, content_type, text, attribution, vibe, difficulty) values ('crossroads', 2, 'quote', 'In any moment of decision, the best thing you can do is the right thing. The worst thing you can do is nothing.', 'Theodore Roosevelt', 'decision', 1);
insert into public.garden_items (garden_id, position, content_type, text, attribution, vibe, difficulty) values ('crossroads', 3, 'question', 'Are you in the right career for your soul?', NULL, 'purpose', 3);
insert into public.garden_items (garden_id, position, content_type, text, attribution, vibe, difficulty) values ('crossroads', 4, 'vibe', 'Imagine standing at a fork in the road. One path is familiar. One is not.', NULL, 'crossroads', 1);
insert into public.garden_items (garden_id, position, content_type, text, attribution, vibe, difficulty) values ('crossroads', 5, 'question', 'Are you choosing comfort over growth?', NULL, 'growth', 2);
insert into public.garden_items (garden_id, position, content_type, text, attribution, vibe, difficulty) values ('crossroads', 6, 'question', 'Would you make the same choices if you could start over?', NULL, 'reflection', 3);
insert into public.garden_items (garden_id, position, content_type, text, attribution, vibe, difficulty) values ('crossroads', 7, 'question', 'Are you waiting for permission to live your life?', NULL, 'permission', 2);
insert into public.garden_items (garden_id, position, content_type, text, attribution, vibe, difficulty) values ('crossroads', 8, 'question', 'Is fear making your decisions for you?', NULL, 'fear', 2);
insert into public.garden_items (garden_id, position, content_type, text, attribution, vibe, difficulty) values ('crossroads', 9, 'quote', 'The only way to make sense out of change is to plunge into it, move with it, and join the dance.', 'Alan Watts', 'acceptance', 1);
insert into public.garden_items (garden_id, position, content_type, text, attribution, vibe, difficulty) values ('roots', 0, 'question', 'Have you forgiven your parents for their mistakes?', NULL, 'forgiveness', 3);
insert into public.garden_items (garden_id, position, content_type, text, attribution, vibe, difficulty) values ('roots', 1, 'question', 'Are you repeating patterns from your childhood?', NULL, 'roots', 3);
insert into public.garden_items (garden_id, position, content_type, text, attribution, vibe, difficulty) values ('roots', 2, 'vibe', 'Think of the place that first felt like home.', NULL, 'belonging', 1);
insert into public.garden_items (garden_id, position, content_type, text, attribution, vibe, difficulty) values ('roots', 3, 'question', 'Are there family wounds you haven''t healed?', NULL, 'wounds', 3);
insert into public.garden_items (garden_id, position, content_type, text, attribution, vibe, difficulty) values ('roots', 4, 'quote', 'The apple doesn''t fall far from the tree, but it can roll.', NULL, 'roots', 1);
insert into public.garden_items (garden_id, position, content_type, text, attribution, vibe, difficulty) values ('roots', 5, 'question', 'Have you become what your family expected?', NULL, 'identity', 2);
insert into public.garden_items (garden_id, position, content_type, text, attribution, vibe, difficulty) values ('roots', 6, 'question', 'Is there a conversation with family you need to have?', NULL, 'courage', 2);
insert into public.garden_items (garden_id, position, content_type, text, attribution, vibe, difficulty) values ('roots', 7, 'question', 'Do you know where you come from?', NULL, 'belonging', 1);
insert into public.garden_items (garden_id, position, content_type, text, attribution, vibe, difficulty) values ('roots', 8, 'question', 'Are you running toward something or away from your past?', NULL, 'roots', 3);
insert into public.garden_items (garden_id, position, content_type, text, attribution, vibe, difficulty) values ('roots', 9, 'question', 'Have you made peace with your upbringing?', NULL, 'acceptance', 3);
insert into public.garden_items (garden_id, position, content_type, text, attribution, vibe, difficulty) values ('depths', 0, 'question', 'Are you afraid of dying?', NULL, 'mortality', 3);
insert into public.garden_items (garden_id, position, content_type, text, attribution, vibe, difficulty) values ('depths', 1, 'question', 'Do you know what you''re living for?', NULL, 'purpose', 3);
insert into public.garden_items (garden_id, position, content_type, text, attribution, vibe, difficulty) values ('depths', 2, 'quote', 'The meaning of life is to find your gift. The purpose of life is to give it away.', 'Pablo Picasso', 'purpose', 1);
insert into public.garden_items (garden_id, position, content_type, text, attribution, vibe, difficulty) values ('depths', 3, 'question', 'Have you accepted that you won''t live forever?', NULL, 'mortality', 3);
insert into public.garden_items (garden_id, position, content_type, text, attribution, vibe, difficulty) values ('depths', 4, 'vibe', 'Close your eyes. Imagine looking at Earth from space. You are here.', NULL, 'wonder', 1);
insert into public.garden_items (garden_id, position, content_type, text, attribution, vibe, difficulty) values ('depths', 5, 'question', 'Do you believe you matter in the grand scheme?', NULL, 'identity', 3);
insert into public.garden_items (garden_id, position, content_type, text, attribution, vibe, difficulty) values ('depths', 6, 'question', 'Have you found something worth suffering for?', NULL, 'purpose', 3);
insert into public.garden_items (garden_id, position, content_type, text, attribution, vibe, difficulty) values ('depths', 7, 'question', 'Are you running out of time for what matters most?', NULL, 'mortality', 3);
insert into public.garden_items (garden_id, position, content_type, text, attribution, vibe, difficulty) values ('depths', 8, 'quote', 'We are not human beings having a spiritual experience. We are spiritual beings having a human experience.', 'Pierre Teilhard de Chardin', 'wonder', 1);
insert into public.garden_items (garden_id, position, content_type, text, attribution, vibe, difficulty) values ('depths', 9, 'question', 'Have you truly lived, or just existed?', NULL, 'purpose', 3);
insert into public.garden_items (garden_id, position, content_type, text, attribution, vibe, difficulty) values ('embers', 0, 'question', 'Are you in love right now?', NULL, 'love', 2);
insert into public.garden_items (garden_id, position, content_type, text, attribution, vibe, difficulty) values ('embers', 1, 'question', 'Have you lost someone you still think about?', NULL, 'love', 3);
insert into public.garden_items (garden_id, position, content_type, text, attribution, vibe, difficulty) values ('embers', 2, 'vibe', 'Remember the last time someone made your chest feel warm.', NULL, 'love', 1);
insert into public.garden_items (garden_id, position, content_type, text, attribution, vibe, difficulty) values ('embers', 3, 'question', 'Are you afraid of being truly known by someone?', NULL, 'vulnerability', 3);
insert into public.garden_items (garden_id, position, content_type, text, attribution, vibe, difficulty) values ('embers', 4, 'quote', 'We accept the love we think we deserve.', 'Stephen Chbosky', 'love', 1);
insert into public.garden_items (garden_id, position, content_type, text, attribution, vibe, difficulty) values ('embers', 5, 'question', 'Do you express love the way your people need it?', NULL, 'empathy', 3);
insert into public.garden_items (garden_id, position, content_type, text, attribution, vibe, difficulty) values ('embers', 6, 'question', 'Are you holding onto a love that''s already gone?', NULL, 'letting_go', 3);
insert into public.garden_items (garden_id, position, content_type, text, attribution, vibe, difficulty) values ('embers', 7, 'question', 'Have you let someone love you fully?', NULL, 'vulnerability', 3);
insert into public.garden_items (garden_id, position, content_type, text, attribution, vibe, difficulty) values ('embers', 8, 'question', 'Do you believe you deserve the love you want?', NULL, 'desire', 3);
insert into public.garden_items (garden_id, position, content_type, text, attribution, vibe, difficulty) values ('embers', 9, 'quote', 'To love and be loved is to feel the sun from both sides.', 'David Viscott', 'love', 1);
insert into public.garden_items (garden_id, position, content_type, text, attribution, vibe, difficulty) values ('compass', 0, 'question', 'Do you know what you''d do if money didn''t matter?', NULL, 'direction', 2);
insert into public.garden_items (garden_id, position, content_type, text, attribution, vibe, difficulty) values ('compass', 1, 'question', 'Are you building someone else''s dream?', NULL, 'purpose', 3);
insert into public.garden_items (garden_id, position, content_type, text, attribution, vibe, difficulty) values ('compass', 2, 'quote', 'Your work is to discover your world and then with all your heart give yourself to it.', 'Buddha', 'direction', 1);
insert into public.garden_items (garden_id, position, content_type, text, attribution, vibe, difficulty) values ('compass', 3, 'question', 'Do you feel like you''re on the right path?', NULL, 'direction', 2);
insert into public.garden_items (garden_id, position, content_type, text, attribution, vibe, difficulty) values ('compass', 4, 'vibe', 'Picture where you want to be in five years. Not what — where.', NULL, 'direction', 1);
insert into public.garden_items (garden_id, position, content_type, text, attribution, vibe, difficulty) values ('compass', 5, 'question', 'Have you sacrificed passion for stability?', NULL, 'crossroads', 3);
insert into public.garden_items (garden_id, position, content_type, text, attribution, vibe, difficulty) values ('compass', 6, 'question', 'Do you wake up excited about your life?', NULL, 'purpose', 2);
insert into public.garden_items (garden_id, position, content_type, text, attribution, vibe, difficulty) values ('compass', 7, 'question', 'Are you living by someone else''s definition of success?', NULL, 'honesty', 3);
insert into public.garden_items (garden_id, position, content_type, text, attribution, vibe, difficulty) values ('compass', 8, 'question', 'Have you followed your curiosity to somewhere unexpected?', NULL, 'curiosity', 2);
insert into public.garden_items (garden_id, position, content_type, text, attribution, vibe, difficulty) values ('compass', 9, 'quote', 'Not all those who wander are lost.', 'J.R.R. Tolkien', 'direction', 1);
insert into public.garden_items (garden_id, position, content_type, text, attribution, vibe, difficulty) values ('still', 0, 'question', 'Can you sit in silence without reaching for your phone?', NULL, 'stillness', 2);
insert into public.garden_items (garden_id, position, content_type, text, attribution, vibe, difficulty) values ('still', 1, 'vibe', 'Take three slow breaths before continuing.', NULL, 'calm', 1);
insert into public.garden_items (garden_id, position, content_type, text, attribution, vibe, difficulty) values ('still', 2, 'question', 'Have you found a place where you feel completely calm?', NULL, 'calm', 2);
insert into public.garden_items (garden_id, position, content_type, text, attribution, vibe, difficulty) values ('still', 3, 'question', 'Are you comfortable being alone?', NULL, 'solitude', 2);
insert into public.garden_items (garden_id, position, content_type, text, attribution, vibe, difficulty) values ('still', 4, 'quote', 'Almost everything will work again if you unplug it for a few minutes, including you.', 'Anne Lamott', 'rest', 1);
insert into public.garden_items (garden_id, position, content_type, text, attribution, vibe, difficulty) values ('still', 5, 'question', 'Do you know what peace feels like in your body?', NULL, 'peace', 2);
insert into public.garden_items (garden_id, position, content_type, text, attribution, vibe, difficulty) values ('still', 6, 'question', 'Are you always running from silence?', NULL, 'stillness', 3);
insert into public.garden_items (garden_id, position, content_type, text, attribution, vibe, difficulty) values ('still', 7, 'vibe', 'Listen to the quietest sound you can hear right now.', NULL, 'calm', 1);
insert into public.garden_items (garden_id, position, content_type, text, attribution, vibe, difficulty) values ('still', 8, 'question', 'Do you give yourself permission to do nothing?', NULL, 'permission', 2);
insert into public.garden_items (garden_id, position, content_type, text, attribution, vibe, difficulty) values ('still', 9, 'question', 'Is your inner voice kind or critical?', NULL, 'honesty', 3);

commit;
